date,open,high,low,close,volume
2019-12-02,32.425,32.435,31.365,31.515,8069370
2019-12-03,30.6,30.89,30.1355,30.87,7792396
2019-12-04,31.21,31.63,31.1,31.42,5085228
2019-12-05,31.655,31.66,31.155,31.605,4233386
2019-12-06,32.235,32.59,32.227,32.44,5773654
2019-12-09,32.315,32.545,32.12,32.15,2749138
2019-12-10,32.115,32.35,31.8155,32.025,4049932
2019-12-11,32.185,32.3875,32.05,32.295,4947652
2019-12-12,32.29,33.38945,32.21,33.125,10407642
2019-12-13,33.04,33.605,32.7747,33.18,8219342
2019-12-16,33.775,34.0695,33.765,33.875,4666788
2019-12-17,33.985,34.095,33.86,33.88,3751916
2019-12-18,34.01,34.095,33.8683,33.875,2926866
2019-12-19,33.92,34.305,33.915,34.28,4703922
2019-12-20,34.65,34.95975,34.625,34.8,5429362
2019-12-23,35.01,35.015,34.83,34.9,3247854
2019-12-24,34.91,34.92,34.72,34.84,1739204
2019-12-26,34.95,35.36,34.945,35.35,2848030
2019-12-27,35.635,35.64,35.15,35.335,4206148
2019-12-30,35.365,35.4045,34.57155,34.75,5644714
2019-12-31,34.55,35.075,34.44,35.005,4325710
2020-01-02,35.535,35.955,35.19,35.95,5502176
2020-01-03,34.725,35.54,34.7,35.17,6439786
2020-01-06,34.495,35.555,34.465,35.535,4709732
2020-01-07,35.335,35.492,35.065,35.225,4502484
2020-01-08,35.305,36.215,35.205,35.77,7646496
2020-01-09,36.355,36.525,36.12935,36.5,4292348
2020-01-10,36.72,36.76255,36.015,36.19,4865288
2020-01-13,36.415,36.925,36.25,36.92,3581774
2020-01-14,36.765,37.135,36.55,36.745,5325140
2020-01-15,36.72,37.2745,36.68005,37,6929380
2020-01-16,37.49,37.9,37.4,37.9,3962146
2020-01-17,38.165,38.3245,37.945,38.255,6910934
2020-01-21,37.875,38.315,37.85505,38.04,5034584
2020-01-22,38.345,38.58,37.98,38.06,3390512
2020-01-23,37.78,38.205,37.35,38.14,5179038
2020-01-24,38.4,38.41,36.6355,37.115,10740428
2020-01-27,35.18,35.87,35.035,35.34,13672828
2020-01-28,35.845,36.745,35.67105,36.435,6222122
2020-01-29,36.935,37,36.265,36.34,4418114
2020-01-30,35.575,36.75,35.3,36.655,7025064
2020-01-31,36.44,36.5014,34.345,34.685,13743098
2020-02-03,35.205,36.105,35.16,35.445,7001528
2020-02-04,36.75,37.36925,36.62,37.06,5443974
2020-02-05,38.15,38.41,37.605,38.315,6672454
2020-02-06,38.705,38.78,38.305,38.71,3941230
2020-02-07,38.31,38.58,37.89,38.115,5909038
2020-02-10,37.75,38.95,37.74,38.95,4518560
2020-02-11,39.465,39.755,38.955,39.15,5982554
2020-02-12,39.69,39.965,39.54,39.885,4594412
2020-02-13,39.33,40.12,39.215,39.735,5260202
2020-02-14,39.885,39.965,39.44,39.93,4598816
2020-02-18,39.53,39.755,39.075,39.615,4953870
2020-02-19,39.985,40.435,39.865,40.18,2815960
2020-02-20,39.95,40.27,38.5,39.655,7485448
2020-02-21,39.145,39.25,38.1177,38.435,10157974
2020-02-24,34.845,35.76495,34.19,34.59,16498834
2020-02-25,35.085,35.27885,31.13,31.455,17715750
2020-02-26,31.895,33.075,30.845,31.11,17149294
2020-02-27,29.27,30.5,26.865,26.875,27476480
2020-02-28,24.495,26.695,23.625,26.695,29403182
2020-03-02,27,29.97,26.03505,29.93,19694218
2020-03-03,30.08,31.325,26.595,27.385,25196844
2020-03-04,28.98415,30.895,28.223,30.83,14220700
2020-03-05,28.5,29.5,27.01,27.735,20202348
2020-03-06,25.17,26.7,24.36155,26.35,18677336
2020-03-09,20.785,22.8,20,20.195,25803630
2020-03-10,22.5,23.385,20.025,23.385,24889358
2020-03-11,21.47,21.75,19.09,19.94,25012120
2020-03-12,15.8,18.22,14.15,14.155,44989844
2020-03-13,16.845,18.1325,14.43755,18.085,35916444
2020-03-16,12.5,15.265,11.625,11.765,43514956
2020-03-17,12.53,14.175,11.385,13.96,43122356
2020-03-18,11.13,12.565,9.85,11.82,63240290
2020-03-19,11.41,12.65,10.45,11.745,47756298
2020-03-20,12.18,12.43995,10.1,10.15,47508480
2020-03-23,10.07,10.235,8.755,9.315,63418498
2020-03-24,10.805,11.995,10.75,11.92,49427312
2020-03-25,12.08,13.77,11.33,12.355,61940544
2020-03-26,12.755,14.765,12.7,14.51,45637212
2020-03-27,13.185,14.45,12.81,13.2,46225420
2020-03-30,13.565,14.6,13.235,14.49,32701172
2020-03-31,14.315,14.77,13.585,13.815,48913258
2020-04-01,12.265,12.82,11.615,11.97,45514458
2020-04-02,11.835,12.92,11.735,12.79,47101288
2020-04-03,12.645,13.0175,11.795,12.24,41665108
2020-04-06,13.675,15.025,13.5,14.715,41582960
2020-04-07,16.275,16.405,14.695,14.715,59663990
2020-04-08,15.2,16.435,14.805,16.21,40655240
2020-04-09,16.845,17.37,16.71,16.945,53853242
2020-04-13,16.76,16.81995,15.7,16.45,43303394
2020-04-14,17.445,18.1,17.235,17.945,38211138
2020-04-15,16.755,17.13,16.355,16.79,33866758
2020-04-16,17.035,17.195,16.4225,17.035,42307286
2020-04-17,18.175,18.53,17.63,18.425,37022844
2020-04-20,17.63,18.335,17.385,17.435,35936456
2020-04-21,16.525,16.77,15.655,15.825,43077584
2020-04-22,16.755,17.215,16.515,16.895,25065384
2020-04-23,17.15,17.765,16.8325,16.875,36714222
2020-04-24,17.19,17.715,16.78,17.59,28617246
2020-04-27,17.995,18.57,17.9,18.365,23238592
2020-04-28,19.12,19.185,18.0325,18.095,36668454
2020-04-29,19.205,19.82925,18.985,19.495,29156816
2020-04-30,19.21,19.315,18.585,18.95,30899554
2020-05-01,17.935,18.09,17.21,17.43,33125376
2020-05-04,17.07,17.665,16.775,17.615,21442950
2020-05-05,18.17,18.65,17.995,18.085,22136082
2020-05-06,18.435,18.515,17.685,17.725,26540242
2020-05-07,18.37,18.74,18.24525,18.355,22188012
2020-05-08,18.99,19.335,18.77,19.255,20539312
2020-05-11,18.835,19.57,18.75,19.285,21826622
2020-05-12,19.52,19.61495,18.095,18.1,24825238
2020-05-13,17.995,18.2051,16.65,17.165,37854958
2020-05-14,16.645,17.79,16.19,17.79,41451294
2020-05-15,17.285,18.01115,17.08,18,31935346
2020-05-18,19.3,19.975,19.215,19.665,26485796
2020-05-19,19.53,19.89005,19.04,19.06,24525268
2020-05-20,19.805,20.2,19.75,20.02,20024360
2020-05-21,19.99,20.16345,19.35545,19.585,26277120
2020-05-22,19.54,19.74,19.27,19.69,14088120
2020-05-26,21.01,21.06,20.36,20.445,18760282
2020-05-27,21.065,21.345,19.985,21.34,24204554
2020-05-28,21.595,22.045,21.075,21.235,21584032
2020-05-29,21.125,21.635,20.505,21.485,25860538
2020-06-01,21.36,21.905,21.245,21.77,13940954
2020-06-02,21.985,22.32,21.675,22.32,16631384
2020-06-03,22.79,23.43,22.715,23.22,17846494
2020-06-04,22.95,23.38375,22.51,22.995,21390810
2020-06-05,24.325,25.23,24.31,24.765,24524360
2020-06-08,25.01,25.7255,24.86,25.695,16026602
2020-06-09,25,25.49,24.775,25.135,19661768
2020-06-10,25.275,25.485,24.51,24.7,28500176
2020-06-11,22.88,23.08,20.24,20.385,48437930
2020-06-12,21.97,22.115,19.98,21.13,34717676
2020-06-15,19.815,21.975,19.56,21.725,26411062
2020-06-16,23.525,23.5445,21.85,22.97,27357650
2020-06-17,23.225,23.28995,22.515,22.67,16723790
2020-06-18,22.335,22.825,22.2149,22.7,15715932
2020-06-19,23.53,23.575,22.01005,22.3,21054910
2020-06-22,22.17,22.84,21.915,22.775,12902746
2020-06-23,23.38,23.61,22.966,23.065,13761274
2020-06-24,22.57,22.72,20.865,21.32,29068076
2020-06-25,21.165,22.04,20.71,21.97,20195348
2020-06-26,21.725,21.77085,20.285,20.4,23108222
2020-06-29,20.68,21.31,20.185,21.31,17411714
2020-06-30,21.225,22.515,21.1801,22.18,17873618
2020-07-01,22.385,22.8775,22.27,22.59,19006348
2020-07-02,23.41,23.72,22.8,22.95,17203128
2020-07-06,23.885,24.12,23.69,24.02,14732806
2020-07-07,23.63,24.125,23.18,23.26,14961816
2020-07-08,23.46,23.83,23.035,23.8,14111684
2020-07-09,23.96,24.00995,22.565,23.395,19465872
2020-07-10,23.36,24.1775,23.04,24.115,13979988
2020-07-13,24.695,25.275,23.33,23.485,19627330
2020-07-14,23.125,24.47735,22.85,24.385,22470006
2020-07-15,25.19,25.34,24.48,25.065,19134540
2020-07-16,24.595,24.93,24.42,24.815,12577886
2020-07-17,25.065,25.23,24.575,25.03,10824928
2020-07-20,24.975,25.82,24.78,25.63,10791094
2020-07-21,26.135,26.255,25.5504,25.785,14709886
2020-07-22,25.715,26.305,25.685,26.24,10376412
2020-07-23,26.135,26.32565,24.95,25.29,17185520
2020-07-24,24.815,25.075,24.43,24.82,17366222
2020-07-27,24.975,25.395,24.79,25.335,10934078
2020-07-28,25.16,25.455,24.79,24.87,10729668
2020-07-29,25.095,25.925,25.075,25.775,10110650
2020-07-30,25.01,25.61,24.48,25.5,17064970
2020-07-31,25.97,26.13,24.885,26.105,15794542
2020-08-03,26.545,26.845,26.4025,26.635,9230750
2020-08-04,26.43,26.96,26.4295,26.935,10125736
2020-08-05,27.32,27.5325,27.2375,27.445,9232294
2020-08-06,27.3,28.04,27.22,28.005,11800866
2020-08-07,27.745,28.12,27.5,28.06,14788406
2020-08-10,28.2,28.37,27.66,28.31,10513814
2020-08-11,28.655,28.815,27.42,27.635,13895124
2020-08-12,28.27,28.984,28.27,28.755,10459932
2020-08-13,28.56,28.975,28.36,28.63,7720568
2020-08-14,28.505,28.765,28.31,28.61,7134504
2020-08-17,28.885,28.995,28.785,28.89,4849820
2020-08-18,29,29.19,28.56,29.055,6408206
2020-08-19,29.195,29.3275,28.555,28.72,8725874
2020-08-20,28.225,29.1,28.195,28.98,6766258
2020-08-21,28.88495,29.33,28.795,29.28,7092582
2020-08-24,29.97,30.19,29.69555,30.175,6936480
2020-08-25,30.345,30.51,30.00475,30.48,8067532
2020-08-26,30.655,31.4825,30.505,31.41,6783676
2020-08-27,31.6691,32.035,31.125,31.605,11451696
2020-08-28,31.925,32.265,31.565,32.225,9331386
2020-08-31,32.16,32.425,31.8169,31.86,8415292
2020-09-01,32.115,32.8,31.8501,32.77,10339764
2020-09-02,33.365,34.475,33.015,34.185,13088568
2020-09-03,33.67,33.81,29.85,30.64,25688644
2020-09-04,30.85,31.295,27.855,29.92,19516322
2020-09-08,28.35,28.701,27.35,27.46,20648352
2020-09-09,28.52,29.73,28.275,29.045,12565944
2020-09-10,29.575,29.765,27.285,27.54,18052708
2020-09-11,28.01,28.3,26.825,27.575,17754408
2020-09-14,28.44,29.145,28.2952,28.675,8035126
2020-09-15,29.36,29.5775,28.82,29.105,8716978
2020-09-16,29.47,29.85495,28.69,28.77,10368352
2020-09-17,27.405,28.46995,27.275,28.02,14612586
2020-09-18,28.23,28.245,26.365,27.04,17098562
2020-09-21,25.83,26.155,24.84,26.145,18475130
2020-09-22,26.505,27.07,25.865,26.92,8707222
2020-09-23,27.075,27.135,24.925,25.05,11748966
2020-09-24,24.71,26.015,24.385,25.255,14627072
2020-09-25,25.03,26.665,24.8125,26.455,11708540
2020-09-28,27.55,27.965,27.295,27.8,8615024
2020-09-29,27.745,27.9245,27.15,27.345,7126980
2020-09-30,27.525,28.795,27.465,27.955,13659392
2020-10-01,28.655,28.91,27.9805,28.475,8014596
2020-10-02,27.14,28.204,27.0101,27.69,11138940
2020-10-05,28.235,29.19,28.22,29.13,8081622
2020-10-06,29.18805,29.76,27.765,27.91,13865028
2020-10-07,28.69995,29.58,28.6933,29.36,7007550
2020-10-08,29.895,30.1505,29.65,30.115,7647060
2020-10-09,30.61,31.075,30.435,30.935,9155086
2020-10-12,31.72,32.8605,31.545,32.425,10035084
2020-10-13,32.395,32.415,31.515,31.805,7817000
2020-10-14,31.97,32.29,30.98505,31.23,9564370
2020-10-15,30.05,31.2295,29.915,31.08,9637522
2020-10-16,31.47,31.9593,30.975,31.015,7629410
2020-10-19,31.39,31.57,29.355,29.61,11269388
2020-10-20,29.98,30.865,29.775,29.94,11731124
2020-10-21,29.935,30.56,29.71,29.78,9335616
2020-10-22,29.845,30.44,29.25,30.3,10873298
2020-10-23,30.63,30.65,29.9,30.57,9725004
2020-10-26,29.615,29.845,27.9,28.895,18392700
2020-10-27,28.985,29.08,28.535,28.595,8160906
2020-10-28,27.05,27.225,25.53,25.66,19969274
2020-10-29,25.715,27.225,25.29,26.425,12400376
2020-10-30,26.01,26.35355,24.655,25.585,18976006
2020-11-02,26.46,26.955,25.755,26.465,13937772
2020-11-03,27.295,28.39,27.165,27.85,13491658
2020-11-04,29.07,30.82,28.745,29.705,20369018
2020-11-05,31.21,31.96985,31.1095,31.445,17022392
2020-11-06,31.375,31.795,30.77,31.455,13941818
2020-11-09,35.185,35.275,32.48,32.64,28330774
2020-11-10,32.315,32.78395,31.53,32.495,14246982
2020-11-11,33.115,33.44,32.75,33.19,8015274
2020-11-12,32.89365,33.125,31.68,32.23,12006266
2020-11-13,32.79275,33.78,32.635,33.565,9831762
2020-11-16,34.385,34.82,33.9855,34.785,10209346
2020-11-17,34.07395,34.635,33.60985,34.275,6924230
2020-11-18,34.34165,34.51005,32.995,33.01,8335636
2020-11-19,32.815,33.54,32.43,33.435,8866018
2020-11-20,33.35,33.41,32.7237,32.75,5318728
2020-11-23,33.265,33.69,32.615,33.345,8794342
2020-11-24,34.095,35.1,33.845,34.94,9808424
2020-11-25,34.91495,34.92,34.4393,34.775,6243396
2020-11-27,35.11255,35.21,34.755,35.045,3632386
2020-11-30,34.805,34.895,33.7655,34.59,9995070
2020-12-01,35.6,36.195,35.41505,35.725,7787256
2020-12-02,35.36265,35.985,35.185,35.93,7159442
2020-12-03,35.905,36.355,35.58,35.91,7116140
2020-12-04,36.105,36.835,36.075,36.825,5830550
2020-12-07,36.61,36.7751,36.2,36.64,5255514
2020-12-08,36.2,37.12,36.195,36.94,4219922
2020-12-09,37.14,37.1976,35.675,35.955,8655222
2020-12-10,35.5,36.228,35.22,35.885,6214028
2020-12-11,35.345,35.845,34.88,35.75,6649976
2020-12-14,36.46,36.795,35.21,35.285,7900388
2020-12-15,36.095,36.72,35.655,36.705,6969078
2020-12-16,36.8,37.19,36.515,36.885,6312726
2020-12-17,37.41095,37.57005,37.16,37.505,5938800
2020-12-18,37.605,37.635,36.41,37.07,12352394
2020-12-21,35.79,36.94995,34.9325,36.7,12077544
2020-12-22,36.76,36.8,36.1249,36.455,6517358
2020-12-23,36.75,37.16,36.5,36.55,4289052
2020-12-24,36.705,36.975,36.515,36.975,3174604
2020-12-28,37.8,38.04905,37.585,37.915,4363578
2020-12-29,38.425,38.47995,37.515,37.69,5790498
2020-12-30,37.96,38.19,37.74,37.84,4217368
2020-12-31,37.805,38.665,37.625,38.43,5678644
2021-01-04,38.87,38.91,35.635,36.855,14195046
2021-01-05,36.64,37.955,36.635,37.585,8545766
2021-01-06,37.11,39.325,36.935,38.29,15697776
2021-01-07,39.065,40.225,39.005,39.975,10134016
2021-01-08,40.45,40.73,39.345,40.66,12885690
2021-01-11,39.565,40.44,39.54,39.85,9831220
2021-01-12,39.91,40.2,39.105,39.88,9411256
2021-01-13,39.845,40.515,39.575,40.17,6180982
2021-01-14,40.435,40.5995,39.64,39.755,7253678
2021-01-15,39.2,39.47,38.255,38.875,8500848
2021-01-19,39.69,39.96945,39.215,39.795,8177282
2021-01-20,40.565,41.72,40.44,41.43,6933322
2021-01-21,41.61995,41.775,41.23,41.525,4641212
2021-01-22,40.905,41.49,40.77,41.105,7853506
2021-01-25,41.35995,41.7002,39.6875,41.6,10155540
2021-01-26,41.9,42.05,41.315,41.405,4737848
2021-01-27,40.24,40.25,37.58,38.355,14850006
2021-01-28,38.94,40.645,38.81,39.32,13362464
2021-01-29,38.7,39.03,36.405,37.005,15329970
2021-02-01,38.06,39.149,37.38,38.77,7982100
2021-02-02,39.865,40.97345,39.86,40.43,7695396
2021-02-03,40.73435,41.13,40.115,40.555,6377220
2021-02-04,40.905,41.93,40.8455,41.915,5272754
2021-02-05,42.6,42.665,42.025,42.4,5969718
2021-02-08,42.92,43.36,42.635,43.36,4910808
2021-02-09,43.05,43.46,42.9,43.24,4008790
2021-02-10,43.855,43.925,42.335,43.21,6937966
2021-02-11,43.59,43.725,42.535,43.39,6182674
2021-02-12,43.085,44.12,43.085,44.045,5201824
2021-02-16,44.475,44.54,43.66335,43.915,7512236
2021-02-17,43.275,44.025,42.92,43.955,7917704
2021-02-18,42.99925,43.64,42.385,43.4,8199162
2021-02-19,43.835,43.925,42.985,43.16,7556644
2021-02-22,42.145,43,42.055,42.18,7823474
2021-02-23,41.38,42.768,39.905,42.31,13050990
2021-02-24,41.9,43.84165,41.575,43.705,12564824
2021-02-25,43.25,43.7295,40.005,40.57,20683442
2021-02-26,41.17285,41.56,39.215,39.87,18970424
2021-03-01,41.53,43.22,41.53,42.76,9865030
2021-03-02,42.885,42.965,41.71,41.785,12508908
2021-03-03,41.55,41.885,40.1025,40.14,16726980
2021-03-04,40.065,40.935,37.105,38.62,20258978
2021-03-05,39.78,41.11,37.38,40.76,22432892
2021-03-08,41.085,42.04,40.05,40.16,15476928
2021-03-09,41.44,42.72505,41.28,41.86,8943460
2021-03-10,42.705,43.235,42.19,42.625,10816262
2021-03-11,43.525,44.64,43.355,43.94,7686276
2021-03-12,43.455,44.165,43.16,44.12,7834224
2021-03-15,44.205,44.99995,43.44,44.915,6346632
2021-03-16,45.12,45.38,44.45,44.755,6973292
2021-03-17,44.27,45.475,43.845,45.165,8504276
2021-03-18,44.24,44.995,43,43.2,10964636
2021-03-19,43.105,43.65,42.19,42.97,8538156
2021-03-22,43.125,44.48,43.12,43.955,7587724
2021-03-23,43.75,44.265,42.655,42.95,9710556
2021-03-24,43.435,44.005,42.275,42.275,8244534
2021-03-25,41.775,43.27,41.095,42.97,11545778
2021-03-26,43.4,45.195,43.18,45.075,10852892
2021-03-29,44.515,45.305,43.975,44.99,11301140
2021-03-30,44.545,44.87,44.05,44.615,8918572
2021-03-31,44.835,45.7225,44.82265,45.17,11006044
2021-04-01,45.86,46.64,45.78,46.575,10146698
2021-04-05,47.615,48.83,47.59,48.595,10349164
2021-04-06,48.42,48.93,48.295,48.52,9015424
2021-04-07,48.485,48.83,48.29,48.715,6547852
2021-04-08,49.175,49.41,48.825,49.38,5685998
2021-04-09,49.37,50.53,49.295,50.455,6527084
2021-04-12,50.21,50.6193,49.99,50.5,5920056
2021-04-13,50.465,51.205,50.325,50.925,6068040
2021-04-14,50.95,51.365,50.22,50.435,9262466
2021-04-15,51.26525,52.1545,51.255,52.05,7601632
2021-04-16,52.575,52.82,52.005,52.61,9362328
2021-04-19,52.19,52.3793,51.255,51.82,8908088
2021-04-20,51.29,51.595,50.0825,50.69,9427364
2021-04-21,50.42,52.165,50.365,52.09,7360536
2021-04-22,52.03,52.345,50.24,50.68,11929266
2021-04-23,50.885,52.855,50.86,52.3,7259482
2021-04-26,52.57,52.855,52.39,52.635,6124354
2021-04-27,52.745,52.82,52.14,52.58,5314274
2021-04-28,52.7,53.145,52.37,52.505,7077524
2021-04-29,53.655,53.78,52.175,53.485,8503384
2021-04-30,52.62,52.965,52.125,52.475,10135296
2021-05-03,53.25,53.425,52.615,52.815,6332432
2021-05-04,52.005,52.2,50.345,51.84,13769540
2021-05-05,52.5,52.575,51.575,51.835,4256798
2021-05-06,51.91,53.15145,51.095,53.085,8457220
2021-05-07,53.42,54.535,53.15,54.26,9123236
2021-05-10,54.43,54.5,52.595,52.65,9577098
2021-05-11,50.805,51.625,49.67,51.27,13711078
2021-05-12,50.115,50.625,47.745,48.005,14976368
2021-05-13,48.54,50.41995,48.54,49.67,14824182
2021-05-14,50.755,52.305,50.745,51.965,9549224
2021-05-17,51.535,51.904,50.775,51.575,10020250
2021-05-18,51.695,51.765,50.185,50.28,6724562
2021-05-19,48.385,49.895,47.815,49.845,10097586
2021-05-20,50.185,51.92775,50.1419,51.44,7333606
2021-05-21,52.055,52.53,51.1354,51.315,7418086
2021-05-24,52.24,53.30975,52.11,52.885,5101246
2021-05-25,53.31,53.465,52.2975,52.54,6072636
2021-05-26,52.765,53.0445,52.355,52.85,3656106
2021-05-27,53.265,53.455,52.87,52.88,7473054
2021-05-28,53.55005,53.66,53.1102,53.19,5661514
2021-06-01,54.165,54.21,52.88,53.035,5707640
2021-06-02,53.305,53.64,52.915,53.31,4335768
2021-06-03,52.34,53.17,51.755,52.715,7609326
2021-06-04,53.445,54.26495,53.425,54.105,6013176
2021-06-07,54.13695,54.21605,53.61,54.02,3919892
2021-06-08,54.35,54.375,53.275,54.035,4733546
2021-06-09,54.38,54.39,53.68,53.78,4553164
2021-06-10,54.295,54.9034,53.745,54.525,5438310
2021-06-11,54.755,54.835,54.225,54.795,4152052
2021-06-14,54.82,55.185,54.325,55.18,4601782
2021-06-15,55.2265,55.2265,54.495,54.845,4773514
2021-06-16,54.93,54.99,53.055,53.945,7662602
2021-06-17,53.765,54.255,52.86,53.905,7110274
2021-06-18,52.55,52.795,51.615,51.735,11185096
2021-06-21,52.395,53.99,52.075,53.925,9854554
2021-06-22,53.92,55.115,53.61,54.73,8762462
2021-06-23,54.8,55.13,54.535,54.58,4960864
2021-06-24,55.435,55.725,55.345,55.535,9034074
2021-06-25,55.86,56.295,55.705,56.11,6309710
2021-06-28,56.33,56.5175,55.825,56.475,9842270
2021-06-29,56.615,56.88,56.33,56.54,6301672
2021-06-30,56.375,56.9575,56.3475,56.695,8498718
2021-07-01,57.01,57.69,56.975,57.645,9977260
2021-07-02,58.095,59.085,57.975,58.96,10956220
2021-07-06,58.95,59.04,57.425,58.575,8983230
2021-07-07,58.925,59.35,58.045,59.23,8007554
2021-07-08,56.895,58.12,56.41,57.815,14217120
2021-07-09,58.44,59.74,58.345,59.62,7475552
2021-07-12,59.585,60.375,59.4,60.29,10706720
2021-07-13,59.955,60.5795,59.53,59.675,12580148
2021-07-14,60.395,60.5971,59.365,59.88,11317954
2021-07-15,59.3,59.615,58.465,59.275,10190550
2021-07-16,59.82,59.82,57.7155,57.905,10763410
2021-07-19,55.815,56.02,54.12,55.36,23309142
2021-07-20,55.59,58.21,55.27,57.725,16256654
2021-07-21,58.215,59.1475,58.13,59.095,9314072
2021-07-22,59.175,59.555,58.7305,59.48,6685454
2021-07-23,60.28,61.43495,59.99,61.275,5911186
2021-07-26,61.025,61.735,60.9952,61.735,5418734
2021-07-27,61.265,61.275,59.625,60.905,8182966
2021-07-28,61.18,61.42,60.175,60.805,7572114
2021-07-29,61.25,62.035,61.21,61.56,6752304
2021-07-30,60.415,61.305,60.3546,60.625,6612818
2021-08-02,61.395,61.66,60.15,60.25,7307982
2021-08-03,60.605,61.775,59.655,61.725,9525526
2021-08-04,61.15,61.425,60.725,60.845,6468136
2021-08-05,61.345,62.015,61.195,61.96,5057066
2021-08-06,62.1,62.46,61.98,62.31,6092208
2021-08-09,62.265,62.3975,61.765,62.115,4908760
2021-08-10,62.295,62.655,61.985,62.305,7143620
2021-08-11,62.825,62.83595,62.3,62.76,5811486
2021-08-12,62.7,63.41,62.315,63.315,6887432
2021-08-13,63.525,63.695,63.33,63.665,7744432
2021-08-16,63.12,64.185,62.385,64.14,9285830
2021-08-17,62.955,63.2795,61.505,62.9,14781816
2021-08-18,62.415,63.115,60.705,60.835,13303232
2021-08-19,59.555,61.61,59.53,61.05,14684406
2021-08-20,61.245,62.69,61.025,62.575,9821272
2021-08-23,63.29,64.6025,63.29,64.175,7659350
2021-08-24,64.515,64.73,64.255,64.495,5245008
2021-08-25,64.585,65.125,64.405,64.87,5116436
2021-08-26,64.75,64.86,63.69305,63.755,9456948
2021-08-27,64.105,65.615,64.08,65.395,9611480
2021-08-30,65.765,66.67,65.65,66.265,6443678
2021-08-31,66.265,66.4245,65.735,66.065,8229394
2021-09-01,66.445,66.69,66.01,66.175,9301666
2021-09-02,66.79,67.105,66.16,66.725,6122804
2021-09-03,66.255,66.905,65.99,66.645,7340506
2021-09-07,66.495,66.535,65.625,65.96,8460480
2021-09-08,65.68,66.0295,64.795,65.72,10266402
2021-09-09,65.58,66.415,64.73495,64.83,10624472
2021-09-10,65.745,65.93,63.255,63.325,12731026
2021-09-13,64.66,64.785,62.735,63.755,18009870
2021-09-14,64.42,64.5195,62.3375,62.765,15547688
2021-09-15,62.925,64.54,62.43,64.34,13475030
2021-09-16,64.065,64.51,62.65,63.98,13739374
2021-09-17,63.605,63.835,61.965,62.16,18838528
2021-09-20,59.365,60.0841,56.83,59.06,25870258
2021-09-21,60.035,60.58,58.62,58.89,15171786
2021-09-22,59.845,61.455,59.415,60.555,12969622
2021-09-23,61.37,63.47,61.28,62.76,9306412
2021-09-24,62.02,63.377,61.92,63.075,6932090
2021-09-27,62.58,63.105,62.185,62.535,7759112
2021-09-28,61.23,61.39,58.395,58.76,17454544
2021-09-29,59.3,60.055,58.765,58.995,12056232
2021-09-30,59.625,59.935,56.755,56.855,18906528
2021-10-01,57.57,59.5706,56.09,58.88,20352004
2021-10-04,58.36,58.732,55.65,56.58,16350518
2021-10-05,57.21,59.27,56.87,58.3,11374892
2021-10-06,56.775,59.14,56.075,59.06,14925952
2021-10-07,60.48,61.80495,60.39,60.56,11064980
2021-10-08,60.935,61.08,59.965,60.21,9985136
2021-10-11,59.95,61.225,58.905,58.93,9544924
2021-10-12,59.335,59.5,58.16,58.52,10140686
2021-10-13,58.92,59.485,57.655,59.1,9447812
2021-10-14,60.72,62.16,60.51,62.08,9437682
2021-10-15,63.075,63.675,62.76005,63.51,7802614
2021-10-18,62.675,64.22,62.38995,64.105,6398794
2021-10-19,64.805,65.58,64.535,65.565,6880748
2021-10-20,65.755,66.465,65.71,66.3,7339300
2021-10-21,66.03,66.93,65.835,66.835,6530630
2021-10-22,66.63,67.305,65.7,66.61,9910618
2021-10-25,67.115,67.835,66.29505,67.62,6206454
2021-10-26,68.405,68.99,67.7,67.88,8000090
2021-10-27,68.08,68.38,66.94,66.955,6128280
2021-10-28,67.635,68.92,67.63,68.865,8521280
2021-10-29,67.775,69.44,67.66,69.305,10592164
2021-11-01,69.785,69.96985,68.84,69.68,9087240
2021-11-02,69.73,70.65,69.68,70.5,8008658
2021-11-03,70.225,72,70.02,71.815,8535818
2021-11-04,72.09,72.855,71.92,72.78,9553150
2021-11-05,73.925,74.56745,72.825,73.57,9937818
2021-11-08,74.13,74.365,73.41,73.775,7478554
2021-11-09,73.95,74.05,72.3005,73.015,9782534
2021-11-10,72.17,73.005,70.5,71.27,10143700
2021-11-11,71.96,72,71.3075,71.35,5654998
2021-11-12,71.94,73.195,71.47,72.935,7729134
2021-11-15,73.575,73.635,72.43,72.965,6410296
2021-11-16,72.86,74.42,72.83,73.84,7697434
2021-11-17,73.72,73.81,72.985,73.28,7755986
2021-11-18,73.815,74.185,72.465,74.015,8877640
2021-11-19,73.975,74.615,73.475,73.66,8795170
2021-11-22,74.55,75.845,72.925,73.005,11923886
2021-11-23,72.83,73.725,71.55005,73.35,12876880
2021-11-24,72.32,73.94,71.885,73.845,9659464
2021-11-26,70.52,71.25,68.37,69.035,16610304
2021-11-29,71.215,72.3346,70.1607,71.48,11760002
2021-11-30,70.245,71.165,67.155,67.425,20481612
2021-12-01,69.95,71.315,64.92,65.04,19334476
2021-12-02,65.11,68.715,64.935,67.975,18059818
2021-12-03,68.805,69.2895,64.225,66.185,24006546
2021-12-06,67.4,69.4431,66.275,68.55,16989432
2021-12-07,71.115,73.1,71.07,72.795,13949892
2021-12-08,73.04,73.63,72.1513,73.435,8183140
2021-12-09,72.755,73.205,71.82,71.92,7923086
2021-12-10,73.24,74.01005,71.975,73.995,11845212
2021-12-13,73.695,73.84,71.84,72.02,9221734
2021-12-14,70.32,71.57,69.03,70.51,9927072
2021-12-15,70.495,73.895,69.2925,73.77,11675822
2021-12-16,74.7,74.8244,71.02,71.795,14363652
2021-12-17,70.27,71.755,68.67,69.54,20060346
2021-12-20,67.05,67.4796,65.54065,67.31,15880140
2021-12-21,68.905,70.935,67.87,70.875,10337476
2021-12-22,70.72,73.03,70.64,72.99,8348046
2021-12-23,73.42,75.03,73.38,74.295,7704086
2021-12-27,74.985,77.465,74.96,77.425,6228402
2021-12-28,77.675,78.19,76.855,77.285,6149390
2021-12-29,77.305,78.065,76.785,77.565,6464988
2021-12-30,77.705,78.26505,76.66,76.9,6001036
2021-12-31,76.61,77.22,76.16,76.28,5945164
2022-01-03,76.96,77.67,75.76,77.615,9503778
2022-01-04,78.355,78.715,76.58,77.55,11905202
2022-01-05,77.355,77.73,73.02,73.045,15084026
2022-01-06,72.855,74.185,71.67,72.845,13981288
2022-01-07,72.815,73.425,71.3,72.02,13156688
2022-01-10,70.375,71.81,67.57,71.695,18895806
2022-01-11,71.565,73.69,70.09,73.665,14850158
2022-01-12,74.52,75.265,73.27,74.315,10613030
2022-01-13,74.8,75.1,70.66,71.17,9745449
2022-01-14,69.58,71.4,69.03,71.23,11007853
2022-01-18,68.93,69.04,66.92,67.46,11953573
2022-01-19,68.15,68.81,65.21,65.37,11656150
2022-01-20,66.19,68.36,62.95,63.19,10739265
2022-01-21,62.68,63.7,59.43,59.47,23424619
2022-01-24,56.98,60.4012,52.415,60.21,26598073
2022-01-25,57.4,60.135,55,57.97,17505261
2022-01-26,60.43,61.79,55.74,57.6,21162534
2022-01-27,59.49,60.8,55.97,56.71,18358649
2022-01-28,57.26,60.9,55.33,60.89,16536646
2022-01-31,60.57,64.33,60,64.16,9906079
2022-02-01,64.54,65.77,62.91,65.57,10516996
2022-02-02,66.55,67.7101,65.52,67.38,11025168
2022-02-03,64.52,65.43,62.22,62.64,9946034
2022-02-04,62.53,65.19,61.45,63.51,10979909
2022-02-07,63.83,64.45,62.27,62.86,7937730
2022-02-08,62.61,64.825,62.01,64.37,6977310
2022-02-09,66.27,67.34,66.151,67.2,6949909
2022-02-10,64.51,67.31,62.68,63.64,11250456
2022-02-11,63.64,64.57,59.2,59.85,12310989
2022-02-14,59.59,60.29,57.74,59.26,10146947
2022-02-15,61.17,62.17,60.93,62.07,6633332
2022-02-16,61.21,62.919,60.35,62.31,7204308
2022-02-17,60.9,61.1199,58.04,58.36,8155796
2022-02-18,58.45,58.95,56.21,57.19,7960812
2022-02-22,56.245,57.66,53.85,55.37,11100118
2022-02-23,56.49,56.74,52.14,52.29,12299714
2022-02-24,48.24,54.89,48.135,54.72,20427326
2022-02-25,55.21,58.3794,54.575,58.29,12999141
2022-02-28,56.04,58.51,55.52,57.84,14717807
2022-03-01,57.32,58.11,54.11,55.28,12756549
2022-03-02,56.18,58.93,55.855,58.28,12647658
2022-03-03,59.29,59.56,56.665,57.43,11393614
2022-03-04,55.85,56.47,54.291,56.04,11200802
2022-03-07,55.76,55.86,51.02,51.06,14190028
2022-03-08,51.12,53.87,49.45,49.85,18218422
2022-03-09,53.11,54.63,52.24,53.9,11558957
2022-03-10,52,53.51,51.24,53.13,8340878
2022-03-11,54.13,54.37,50.92,51.14,9386033
2022-03-14,51.43,52.74,49.54,50,8062450
2022-03-15,50.98,53.53,50.48,53.3,8322870
2022-03-16,54.63,56.85,52.75,56.78,11178913
2022-03-17,55.99,58.98,55.88,58.91,7959775
2022-03-18,58.3,61.02,57.98,60.85,8160162
2022-03-21,60.82,61.69,59.3197,60.85,7567364
2022-03-22,61.46,63.37,61.46,62.93,6256196
2022-03-23,61.81,62.46,60.48,60.5,6633912
2022-03-24,61.34,63.21,60.9,63.18,6296206
2022-03-25,63.52,64.28,62.37,64.13,6121447
2022-03-28,63.86,65.51,63.03,65.49,7579390
2022-03-29,67.26,68.16,66.07,67.97,8241242
2022-03-30,67.43,67.775,65.69,66.72,7682058
2022-03-31,66.37,66.695,63.55,63.63,9363241
2022-04-01,64.31,64.36,62.54,64.08,8822282
2022-04-04,64.19,65.79,63.84,65.77,7030594
2022-04-05,65.13,66.21,62.75,63.33,8283646
2022-04-06,61.55,62.39,60.08,61.4,13197222
2022-04-07,60.99,63.1,60.13,62.3,10488669
2022-04-08,61.96,63.06,61.11,61.86,8792659
2022-04-11,60.35,60.71,58.4,58.63,7495754
2022-04-12,59.86,60.93,57.31,57.95,11892451
2022-04-13,57.83,60.23,57.77,59.93,8523802
2022-04-14,60.05,60.51,57.65,57.73,8504760
2022-04-18,57.26,58.45,56.83,57.75,7283317
2022-04-19,57.7,60.85,57.64,60.52,7842563
2022-04-20,61.31,61.575,59.91,60.38,8901944
2022-04-21,61.96,62.62,57.31,57.69,10186613
2022-04-22,57.23,57.345,52.71,52.99,11662451
2022-04-25,52.04,53.9,50.24,53.84,16519744
2022-04-26,52.81,52.91,49.15,49.19,13666443
2022-04-27,49.59,51.5862,48.78,49.55,16340698
2022-04-28,51.37,53.9701,49.69,53.3,12990550
2022-04-29,51.73,52.6,47.13,47.46,14815683
2022-05-02,47.42,48.76,45.015,48.29,14769087
2022-05-03,48.44,49.81,47.87,48.94,12159254
2022-05-04,49.18,53.59,47.98,53.38,16068648
2022-05-05,51.71,51.74,46.08,47.74,18436756
2022-05-06,46.77,48.04,44.8901,46.87,15267709
2022-05-09,44.69,45.13,41.78,42.37,17618216
2022-05-10,44.36,44.84,41.26,42.6,15112594
2022-05-11,42.25,44.19,40.3299,40.58,19481164
2022-05-12,39.52,41.4914,38.21,40.44,20483043
2022-05-13,41.79,43.775,41.44,43.33,15028146
2022-05-16,42.76,44.05,41.98,42.83,10006881
2022-05-17,44.9,45.51,43.59,45.39,11503888
2022-05-18,43.82,43.9162,39.51,39.98,12196045
2022-05-19,38.91,40.6,38.47,39.16,12146677
2022-05-20,40.33,40.49,36.48,39.23,16970274
2022-05-23,40.2,41.67,39.45,41.45,14227671
2022-05-24,40.05,40.8686,38.3,40.5,12892515
2022-05-25,39.97,42.185,39.87,41.59,13223211
2022-05-26,41.94,44.56,41.88,44.03,11838391
2022-05-27,44.86,47.3,44.81,47.28,11222564
2022-05-31,46.65,47.66,45.47,46.45,12234831
2022-06-01,47.21,47.56,44.42,45.35,11944359
2022-06-02,45.28,47.915,44.46,47.88,9721105
2022-06-03,46.17,46.7386,45.185,45.55,10181166
2022-06-06,46.94,47.55,45.54,45.92,9246795
2022-06-07,44.7,47.42,44.54,47.24,8331146
2022-06-08,46.63,47.275,45.42,45.73,8121568
2022-06-09,45.08,45.855,42.43,42.44,8270803
2022-06-10,40.34,40.6189,38.6905,38.73,12564696
2022-06-13,35.76,36.32,33.79,34.3,14471383
2022-06-14,34.8,35.08,33.0701,33.96,14149820
2022-06-15,34.9,36.7,33.49,35.39,19452997
2022-06-16,32.97,33.08,31.16,32,17307204
2022-06-17,32,33,31.12,32.07,14457992
2022-06-21,33.66,34.88,33.64,34.5,8654159
2022-06-22,33.26,35.5,33.15,34.29,12004884
2022-06-23,34.9,35.51,33.88,35.29,12507108
2022-06-24,36.24,38.65,36.2201,38.64,11085918
2022-06-27,38.96,39.032,37.87,38.26,9407897
2022-06-28,38.67,39.55,35.82,35.91,13641758
2022-06-29,36.01,36.3295,35.23,35.78,10002164
2022-06-30,34.62,35.84,33.56,34.87,13581080
2022-07-01,34.69,36.1,33.93,35.95,11727335
2022-07-05,34.46,36.19,33.61,36.16,11786186
2022-07-06,36.21,37.275,35.5,36.54,9897692
2022-07-07,37.07,38.395,37.06,38.15,7805812
2022-07-08,37.63,38.645,37.18,38.08,8808754
2022-07-11,37.24,37.5291,36.54,36.76,7584000
2022-07-12,36.59,37.29,35.2499,35.78,9289399
2022-07-13,34.16,36.07,34.03,35.21,12728737
2022-07-14,33.72,35.1,33,34.93,11869296
2022-07-15,36.21,36.95,35.66,36.94,12550352
2022-07-18,37.84,38.0565,35.63,36.01,9121561
2022-07-19,37.17,39.07,36.97,38.89,9987018
2022-07-20,38.94,40.0907,38.54,39.62,13295917
2022-07-21,39.43,40.85,38.682,40.83,11226962
2022-07-22,40.87,41.25,38.98,39.74,9853783
2022-07-25,39.89,40.1,39.13,39.84,6359448
2022-07-26,39.32,39.365,38.13,38.4,7153131
2022-07-27,39.42,41.93,39.3445,41.39,10855216
2022-07-28,41.65,43.16,40.49,42.94,10002192
2022-07-29,43.45,45.15,43.17,44.85,8342638
2022-08-01,43.88,45.2676,43.65,44.4,8307817
2022-08-02,43.86,45.12,43.12,43.54,9022804
2022-08-03,44.24,45.95,44.14,45.52,7469680
2022-08-04,45.51,45.74,44.86,45.44,6924713
2022-08-05,43.95,45.42,43.93,45.18,8026767
2022-08-08,45.77,46.55,44.655,45.05,7159033
2022-08-09,44.8,44.93,44.11,44.47,5361560
2022-08-10,46.89,47.33,46.235,47.25,7920204
2022-08-11,48.25,48.9201,47,47.26,6598972
2022-08-12,47.94,49.67,47.6,49.63,5762680
2022-08-15,48.8,50.43,48.8,50.24,6238111
2022-08-16,49.85,51.2499,49.54,50.53,6616732
2022-08-17,49.19,50.45,48.7,49.44,7784081
2022-08-18,49.48,50.095,49.01,49.84,5618567
2022-08-19,48.83,48.9199,47.5,47.85,6570556
2022-08-22,46.07,46.13,44.4926,44.83,8335688
2022-08-23,44.64,45.485,44.3,44.49,7140870
2022-08-24,44.39,45.37,44.17,44.87,6116992
2022-08-25,45.38,46.795,45.025,46.78,6910521
2022-08-26,46.74,46.92,42,42,11974062
2022-08-29,41.02,42.165,40.725,41.18,5511523
2022-08-30,41.54,41.61,39.13,39.8,8926733
2022-08-31,40.31,40.7,38.84,38.87,8803815
2022-09-01,38.16,39.32,37.33,39.21,12425999
2022-09-02,40.38,40.7474,37.39,37.98,14563075
2022-09-06,38.22,38.5002,36.85,37.53,10780339
2022-09-07,37.43,39.77,37.38,39.54,8421948
2022-09-08,38.77,40.43,38.43,40.29,12543611
2022-09-09,41.03,42.44,40.9216,42.16,7645930
2022-09-12,42.85,43.76,42.75,43.51,7244753
2022-09-13,40.58,41.0021,37.465,37.86,11696482
2022-09-14,38.23,38.71,37.25,38.24,6772221
2022-09-15,37.72,38.62,36.535,36.95,10567869
2022-09-16,35.65,36.265,35.09,36.1,11593608
2022-09-19,35.14,36.895,35.115,36.89,9851780
2022-09-20,35.91,36.185,34.8,35.66,12608578
2022-09-21,36.19,37.07,33.76,33.76,16503759
2022-09-22,33.5,33.8,32.665,32.89,12424524
2022-09-23,31.9,31.9297,30,31.2,16917462
2022-09-26,30.83,31.78,29.95,30.28,16036363
2022-09-27,31.22,31.79,29.42,30.06,19343635
2022-09-28,30.3,32.2499,29.84,31.78,15903253
2022-09-29,30.83,30.9099,29,29.78,19154499
2022-09-30,29.57,30.545,28.385,28.41,18747271
2022-10-03,29.33,31.11,28.88,30.65,14928914
2022-10-04,32.08,33.48,32.07,33.47,17376059
2022-10-05,32.26,33.87,31.6,33.21,18489302
2022-10-06,32.8,33.64,32.03,32.18,14380926
2022-10-07,31.07,31.1599,29,29.49,16822617
2022-10-10,29.75,29.82,28.22,28.84,15989142
2022-10-11,28.38,29.51,27.75,28.23,17495835
2022-10-12,28.33,28.7275,27.9,27.97,12269394
2022-10-13,26.2,30.5,25.94,30.14,26105147
2022-10-14,30.79,31.19,27.92,28.08,20903651
2022-10-17,29.59,30.5,29.56,30.21,14569321
2022-10-18,32.3,32.35,30.3999,31.11,24385621
2022-10-19,30.72,31.455,29.86,30.63,13506592
2022-10-20,30.47,31.61,29.61,29.82,14523045
2022-10-21,29.72,32.1,29.35,31.97,17892363
2022-10-24,32.4,33.4494,31.67,33.13,16027101
2022-10-25,33.12,34.8141,33.09,34.73,17358747
2022-10-26,33.83,35.44,33.755,33.96,17530954
2022-10-27,34.22,34.7,33.19,33.37,14456274
2022-10-28,33.32,35.8796,33.28,35.71,16002405
2022-10-31,35,35.55,34.68,34.96,15301712
2022-11-01,36,36.0777,34.14,34.5,13091099
2022-11-02,34.32,35.59,31.85,31.85,22382624
2022-11-03,30.97,31.665,30.29,30.84,19157693
2022-11-04,32.33,32.815,30.6,32.18,21279289
2022-11-07,32.52,33.25,31.9704,33.11,12186672
2022-11-08,33.39,34.44,32.5,33.61,16032138
2022-11-09,33,33.35,31.38,31.51,13833197
2022-11-10,34.98,36.795,34.41,36.69,19784801
2022-11-11,36.97,38,36.41,37.78,15045854
2022-11-14,37.24,38.23,36.72,36.82,11806319
2022-11-15,38.47,38.7982,36.61,37.75,18012009
2022-11-16,37.23,37.5,36.66,36.87,8990705
2022-11-17,35.41,36.6621,35.3226,36.47,11901270
2022-11-18,37.45,37.45,36.13,36.96,11520442
2022-11-21,36.56,36.89,36,36.54,6462998
2022-11-22,37.09,38.05,36.68,38.01,10610051
2022-11-23,37.86,38.84,37.81,38.68,9312846
2022-11-25,38.52,38.8299,38.43,38.64,2725993
2022-11-28,37.7,38.21,36.57,36.82,7872344
2022-11-29,36.83,37.16,36.05,36.58,8459109
2022-11-30,36.66,40,36.09,39.99,17124075
2022-12-01,40.37,40.71,39.15,39.93,12623584
2022-12-02,38.39,40.05,38.371,39.76,10559040
2022-12-05,38.9,39.2,37.21,37.59,13138316
2022-12-06,37.54,37.7,35.34,35.98,11008464
2022-12-07,35.69,36.4593,35.45,35.78,11443080
2022-12-08,36.27,36.89,35.83,36.6,14053412
2022-12-09,36.229,36.9675,35.73,35.76,11692251
2022-12-12,35.99,37.3,35.79,37.3,8200026
2022-12-13,40.46,40.49,37.33,38.11,23598647
2022-12-14,38.02,39.17,36.51,37.41,17369486
2022-12-15,35.94,36.19,34.115,34.63,14922584
2022-12-16,33.9,34.255,32.77,33.37,12182735
2022-12-19,33.4,33.5042,32.07,32.52,10228146
2022-12-20,32.3,33.07,31.955,32.62,10743102
2022-12-21,33.34,34.4,33.18,34.09,10598837
2022-12-22,33.07,33.15,30.89,32.49,19509372
2022-12-23,32.18,33.04,31.765,32.98,12096986
2022-12-27,32.98,33.06,32.15,32.61,8897369
2022-12-28,32.59,33.1,31.33,31.39,11445948
2022-12-29,32.08,33.25,31.94,32.99,14159740
2022-12-30,32.3,32.79,31.73,32.77,11616237
2023-01-03,33.27,33.77,31.56,32.34,13371290
2023-01-04,32.91,33.61,32.1199,33.05,11186207
2023-01-05,32.52,32.54,31.754,31.91,12147578
2023-01-06,32.71,34.38,31.9101,34.07,13922221
2023-01-09,34.67,35.55,33.96,34.03,11496183
2023-01-10,33.85,34.735,33.59,34.72,9266154
2023-01-11,35.18,36.0499,34.93,36.01,8903521
2023-01-12,36.3,36.78,35.14,36.38,14066066
2023-01-13,35.46,36.95,35.38,36.79,8969252
2023-01-17,36.81,37.26,36.38,36.59,9069872
2023-01-18,36.92,37.21,34.78,34.86,10953316
2023-01-19,34.235,34.6885,33.67,34.05,10568762
2023-01-20,34.41,35.97,33.97,35.9,10222923
2023-01-23,36.15,37.7601,35.88,37.21,10939900
2023-01-24,36.74,37.3477,36.37,37.08,7445519
2023-01-25,35.88,37.2,35.23,37.12,11463660
2023-01-26,37.85,38.34,36.99,38.27,11491384
2023-01-27,37.99,39.2572,37.92,38.55,10621702
2023-01-30,37.72,38.38,37.01,37.11,8956382
2023-01-31,37.22,38.71,37.13,38.71,7990114
2023-02-01,38.34,40.7501,37.52,39.91,14755710
2023-02-02,41.1,42.085,40.5,41.63,14382153
2023-02-03,40.08,41.69,39.92,40.3,16025131
2023-02-06,39.55,39.98,39.04,39.59,9688909
2023-02-07,39.26,41.46,38.88,41.1,15104586
2023-02-08,40.49,40.89,39.52,39.75,11120055
2023-02-09,40.8,40.82,38.29,38.68,11354523
2023-02-10,38.29,39.03,38.06,38.89,9314030
2023-02-13,39.12,40.3,38.96,40.25,10119329
2023-02-14,39.81,40.905,38.98,40.19,18494211
2023-02-15,39.52,40.61,39.27,40.56,7793917
2023-02-16,39.01,40.205,38.82,38.86,13014456
2023-02-17,38.2,38.61,37.6294,38.54,9892524
2023-02-21,37.35,37.6307,36.12,36.23,9930160
2023-02-22,36.33,36.75,35.63,36.07,14889366
2023-02-23,36.85,37,35.39,36.57,14245850
2023-02-24,35.12,35.63,34.65,35.39,13102824
2023-02-27,36.34,36.7,35.49,35.73,8582925
2023-02-28,35.61,36.1501,35.31,35.33,8849045
2023-03-01,35.1,35.44,34.55,34.92,10215842
2023-03-02,34.32,35.93,34.25,35.68,12071637
2023-03-03,36.21,37.48,36.0201,37.37,12577555
2023-03-06,37.65,38.305,37.35,37.48,8015852
2023-03-07,37.44,37.529,35.56,35.75,13710949
2023-03-08,35.77,36.11,35.2705,35.91,10397591
2023-03-09,36.08,36.558,33.6,33.89,15767310
2023-03-10,33.71,34.2799,31.9805,32.42,27823331
2023-03-13,31.369,33.52,31.08,32.2,21660449
2023-03-14,33.54,34.265,32.65,33.84,14474568
2023-03-15,32.28,33.24,31.75,33.2,21041860
2023-03-16,32.54,34.97,32.387,34.89,16484596
2023-03-17,34.53,34.84,33.29,33.71,14697857
2023-03-20,33.85,34.74,33.68,34.63,10721321
2023-03-21,35.54,36.12,35.11,35.96,10055580
2023-03-22,35.86,36.8501,34.04,34.08,12275331
2023-03-23,34.81,35.9,33.57,34.3,16455310
2023-03-24,33.96,35,33.3,34.97,13299660
2023-03-27,35.6,35.79,34.905,35.14,10769313
2023-03-28,34.96,35.14,34.4,34.91,8820122
2023-03-29,36.03,36.48,35.7125,36.4,8166720
2023-03-30,37.15,37.1899,36.48,37.02,8366398
2023-03-31,37.28,38.645,37.25,38.57,10767426
2023-04-03,38.41,39.1089,38.28,38.97,11693092
2023-04-04,39.19,39.25,37.93,38.34,8313587
2023-04-05,38.06,38.27,37.495,37.99,8826385
2023-04-06,37.74,38.49,37.432,38.41,7192102
2023-04-10,37.66,38.54,37.4843,38.52,7034728
2023-04-11,38.67,38.94,38.32,38.52,5864303
2023-04-12,39.14,39.2099,37.88,38.08,11163267
2023-04-13,38.35,39.63,38.1999,39.51,7516123
2023-04-14,39.32,39.99,38.54,39.24,8629571
2023-04-17,39.21,39.645,38.82,39.63,6360732
2023-04-18,40.1,40.13,39.28,39.71,7405303
2023-04-19,39.13,39.93,39.11,39.67,6380531
2023-04-20,38.78,39.5,38.52,38.97,6899709
2023-04-21,39.05,39.1901,38.48,39.06,6885153
2023-04-24,39,39.29,38.59,39.18,4962157
2023-04-25,38.59,38.73,37.28,37.29,9033413
2023-04-26,37.48,37.76,36.64,36.81,8089074
2023-04-27,37.49,39.04,37.42,38.94,8052092
2023-04-28,38.71,39.96,38.68,39.96,8380301
2023-05-01,39.81,40.42,39.74,39.82,4993633
2023-05-02,39.6,39.6,37.585,38.48,10968179
2023-05-03,38.59,39.29,37.58,37.66,12042804
2023-05-04,37.29,37.39,36.425,36.83,10457015
2023-05-05,37.85,39.14,37.77,38.82,8219339
2023-05-08,38.91,38.995,38.455,38.87,4808364
2023-05-09,38.38,38.665,38.26,38.34,4865887
2023-05-10,39.17,39.336,37.75,38.86,10305382
2023-05-11,38.58,38.7,38.01,38.63,7250986
2023-05-12,38.98,39.035,37.74,38.48,7055877
2023-05-15,38.64,38.955,38.07,38.83,5116685
2023-05-16,38.51,38.77,38.05,38.05,6093084
2023-05-17,38.62,39.595,38.14,39.4,7160423
2023-05-18,39.31,40.65,39.23,40.54,7849494
2023-05-19,40.78,40.94,39.97,40.34,7093843
2023-05-22,40.34,40.83,39.96,40.34,5141548
2023-05-23,39.88,40.16,38.8772,39.01,6440892
2023-05-24,38.51,38.61,37.79,38.14,9004350
2023-05-25,39.09,39.49,38.45,39.04,7184859
2023-05-26,39.24,40.79,39.24,40.58,7332048
2023-05-30,41.14,41.305,40.19,40.6,6778130
2023-05-31,40.04,40.3258,39.45,39.9,7848163
2023-06-01,39.95,41.33,39.57,41.01,6797850
2023-06-02,41.8,43.0299,41.63,42.79,9239956
2023-06-05,42.89,43.27,42.3,42.5,5248986
2023-06-06,42.79,42.96,42.1839,42.78,4814628
2023-06-07,42.92,43.255,42.2,42.34,6945411
2023-06-08,42.32,43.19,42.075,43.07,4388646
2023-06-09,43.31,43.9029,42.97,43.26,5945813
2023-06-12,43.57,44.46,43.34,44.43,4603789
2023-06-13,44.92,45.52,44.69,45.32,6692474
2023-06-14,45.41,46.0401,44.34,45.44,9198608
2023-06-15,45.16,47.49,45.1,47.08,7451610
2023-06-16,47.75,47.78,46.445,46.62,6530246
2023-06-20,45.93,46.2293,45.17,45.89,5274262
2023-06-21,45.38,45.625,44.8,45,5909636
2023-06-22,44.66,45.46,44.52,45.43,4837033
2023-06-23,44.3,44.965,44.16,44.41,6276928
2023-06-26,44.21,44.7999,43.75,43.84,5154873
2023-06-27,44.11,45.4499,43.95,45.23,5292639
2023-06-28,44.87,45.63,44.69,45.3,6275168
2023-06-29,45.15,45.85,45,45.79,5866256
2023-06-30,46.8,47.7,46.71,47.38,5441622
2023-07-03,47.27,47.62,47.155,47.59,2323964
2023-07-05,46.91,47.5444,46.9,47.31,3980713
2023-07-06,46.05,46.28,45.3,46.17,5849467
2023-07-07,45.79,47.064,45.7015,45.77,5695361
2023-07-10,45.63,46.17,45.455,46.11,4303367
2023-07-11,46.34,47.13,46.03,47,5094131
2023-07-12,48.23,48.56,47.74,48.07,6678086
2023-07-13,48.67,49.4561,48.52,49.18,4276014
2023-07-14,49.48,49.765,48.82,49.06,6052675
2023-07-17,48.98,49.925,48.98,49.56,3391611
2023-07-18,49.44,50.89,49.295,50.67,4749497
2023-07-19,50.92,51.3899,50.7,50.96,5167701
2023-07-20,50.57,50.9,49.675,49.93,6093645
2023-07-21,50.51,50.56,49.89,49.91,4482172
2023-07-24,50.28,50.82,50.0796,50.56,3743399
2023-07-25,50.41,51.37,50.41,50.95,3712477
2023-07-26,50.61,51.44,50.23,50.93,5685112
2023-07-27,52.07,52.2214,49.58,49.9,6969430
2023-07-28,50.97,51.62,50.73,51.33,4971735
2023-07-31,51.5,51.7395,51.03,51.62,4184360
2023-08-01,51.08,51.4,50.8199,51.13,3778470
2023-08-02,50.03,50.13,48.73,49.01,7270550
2023-08-03,48.25,49.15,48.04,48.53,5788599
2023-08-04,49.1,49.82,47.67,47.85,7662112
2023-08-07,48.43,49.1258,48.2,49.06,4888384
2023-08-08,48.18,48.57,47.29,48.4,6264327
2023-08-09,48.51,48.54,47.18,47.43,5819572
2023-08-10,48.17,49.28,47.045,47.42,12200071
2023-08-11,46.79,47.66,46.593,47.33,6756412
2023-08-14,47.02,48.09,46.91,48.06,4629273
2023-08-15,47.46,47.6,46.2101,46.44,7037919
2023-08-16,46.25,46.7899,45.33,45.34,6477538
2023-08-17,45.76,45.87,44.11,44.28,6629121
2023-08-18,43.36,44.64,43.26,44.3,6455009
2023-08-21,44.6,45.4,43.94,45.18,5271670
2023-08-22,45.72,45.73,44.605,44.79,5216351
2023-08-23,45.11,46.46,45.0681,46.22,6318357
2023-08-24,46.749,46.9,44.28,44.31,7541659
2023-08-25,44.81,45.62,43.7,45.22,9793668
2023-08-28,45.89,46.25,45.475,46.05,4963878
2023-08-29,46.01,48.12,45.96,48.02,6497621
2023-08-30,48.17,48.83,47.88,48.63,4695308
2023-08-31,48.78,49.145,48.28,48.33,4142149
2023-09-01,49.26,49.39,48.12,48.57,4580022
2023-09-05,48.46,48.525,47.92,47.96,3253747
2023-09-06,47.64,47.6842,46.18,46.96,5785680
2023-09-07,45.92,46.68,45.815,46.48,4503948
2023-09-08,46.49,47.165,46.355,46.64,4247386
2023-09-11,47.5,47.67,46.945,47.57,3859259
2023-09-12,47.06,47.58,46.58,46.75,3478825
2023-09-13,46.81,47.28,46.46,46.93,4157859
2023-09-14,47.7,48.3037,47.245,48.08,3709881
2023-09-15,47.55,47.64,46.19,46.32,5798726
2023-09-18,46.19,46.805,46.06,46.39,3608282
2023-09-19,46.07,46.265,45.21,46.1,4243677
2023-09-20,46.043919,46.55,44.67,44.73,6931071
2023-09-21,43.79,43.88,42.43,42.5,7568310
2023-09-22,42.77,43.26,42.06,42.15,6057681
2023-09-25,41.79,42.7,41.66,42.7,5498920
2023-09-26,41.74,41.951,40.54,40.77,8486946
2023-09-27,41.15,41.29,39.741,40.84,10150596
2023-09-28,40.61,41.99,40.4499,41.5,9067042
2023-09-29,42.4,42.44,40.72,41.17,8824991
2023-10-02,40.91,41.4803,40.3,41.13,7607306
2023-10-03,40.43,40.9,39.0301,39.45,9954828
2023-10-04,39.5599,40.5,39.14,40.29,8363166
2023-10-05,40.16,40.43,39.243,40.19,6156017
2023-10-06,39.47,42.055,39.065,41.6,9910407
2023-10-09,41.04,42.5755,40.88,42.37,6851531
2023-10-10,42.6,43.8301,42.45,43.02,8454123
2023-10-11,43.37,43.635,42.63,43.57,6531789
2023-10-12,43.72,43.8192,42,42.74,8857881
2023-10-13,43.15,43.525,41.58,42.09,7589955
2023-10-16,42.72,43.695,42.66,43.39,7218223
2023-10-17,42.38,43.99,42.3,43.35,10480938
2023-10-18,42.8,43.08,41.2721,41.63,11206542
2023-10-19,41.76,42.31,40.26,40.49,14132790
2023-10-20,40.29,40.47,38.93,38.94,10926658
2023-10-23,38.47,39.84,38.008,38.75,10577614
2023-10-24,39.32,39.925,38.79,39.61,7171357
2023-10-25,39.1,39.11,37.73,37.89,9454258
2023-10-26,37.53,37.77,36.22,36.49,12198060
2023-10-27,36.9,37,35.573,35.97,10997155
2023-10-30,36.7,37.525,36.355,37.25,10364481
2023-10-31,37.38,38.01,36.8699,37.92,10334281
2023-11-01,38.17,39.35,38.035,39.13,12363186
2023-11-02,40.2,41.38,40.18,41.33,9117723
2023-11-03,42.03,42.9185,41.98,42.44,8423295
2023-11-06,42.67,42.875,42.15,42.71,7848768
2023-11-07,42.71,43.28,42.37,43.07,5876606
2023-11-08,43.25,43.42,42.47,43.17,6130896
2023-11-09,43.17,43.49,41.99,42.1,8754299
2023-11-10,42.72,44.16,42.27,44.06,7508632
2023-11-13,43.65,44.26,43.4,43.92,7261890
2023-11-14,45.77,46.87,45.68,46.45,8035400
2023-11-15,46.88,47.275,46.48,46.75,6232148
2023-11-16,46.55,46.97,46.22,46.87,5915093
2023-11-17,46.89,47.23,46.56,47.05,6718294
2023-11-20,46.96,48.38,46.94,48.09,4865832
2023-11-21,47.71,47.87,47.34,47.73,6655808
2023-11-22,48.25,48.69,47.91,48.28,4866961
2023-11-24,48.24,48.39,48.15,48.32,1565575
2023-11-27,48.09,48.375,47.93,48.07,3648303
2023-11-28,47.91,48.6,47.725,48.18,4195117
2023-11-29,48.88,49.2373,47.9328,48.04,4653851
2023-11-30,48.29,48.69,47.61,48.58,6582534
2023-12-01,48.37,49.5991,48.175,49.4,8105653
2023-12-04,48.2783,48.72,47.875,48.65,8888122
2023-12-05,48.13,48.9,48.04,48.59,5196632
2023-12-06,49.27,49.3,47.84,47.98,5829781
2023-12-07,48.62,49.23,48.415,49.02,4836509
2023-12-08,48.76,49.815,48.69,49.65,8643034
2023-12-11,49.46,50.2691,49.39,50.22,6045062
2023-12-12,50.08,50.91,49.73,50.89,6158127
2023-12-13,51,53.06,50.86,52.95,10707607
2023-12-14,53.61,54.01,52.5,53.42,9662482
2023-12-15,53.19,53.58,52.85,53.18,6509262
2023-12-18,53.68,54.36,53.64,54.03,4974267
2023-12-19,54.21,55.01,54.19,54.97,4704007
2023-12-20,54.850621,55.215,52.4297,52.49,7698200
2023-12-21,53.54,54.0899,52.69,53.99,9222824
2023-12-22,54.37,54.9,53.64,54.29,6888474
2023-12-26,54.42,55.275,54.4,54.93,2804012
2023-12-27,54.88,55.29,54.69,55.23,5438001
2023-12-28,55.29,55.52,55.095,55.22,4038360
2023-12-29,55.13,55.32,54.0499,54.74,5842531
2024-01-02,53.63,54.13,53.04,53.75,6554502
2024-01-03,53.01,53.27,52.2455,52.45,7324539
2024-01-04,52.23,53.12,51.8102,51.9,5516628
2024-01-05,51.92,52.91,51.59,52.1,7855521
2024-01-08,52.23,54.34,52.2,54.27,6631117
2024-01-09,53.36,54.385,53.168,54,10046580
2024-01-10,54.1,55.2205,54.005,54.93,5350557
2024-01-11,55.2,55.39,53.36,54.79,9994566
2024-01-12,55.26,55.535,54.37,54.87,5725119
2024-01-16,54.36,54.825,53.6099,54.26,9842046
2024-01-17,53.17,53.49,52.5,53.3,5820264
2024-01-18,53.83,54.87,53.315,54.68,7184877
2024-01-19,55.06,56.81,54.83,56.73,7730552
2024-01-22,57.27,57.68,56.82,57.05,8886222
2024-01-23,57.25,57.62,56.84,57.52,4304867
2024-01-24,58.54,58.9001,57.57,57.68,6123928
2024-01-25,58.43,58.67,57.65,58.6,5014368
2024-01-26,58.4,58.95,58.03,58.36,9360206
2024-01-29,58.42,59.75,58.23,59.72,5933331
2024-01-30,59.42,59.8,59.24,59.53,4964584
2024-01-31,58.7,58.855,56.59,56.63,13144074
2024-02-01,57.14,58.78,56.87,58.77,9111595
2024-02-02,58.92,61.21,58.79,60.59,8400184
2024-02-05,60.34,60.51,59.07,59.91,9577529
2024-02-06,60.26,60.54,59.71,60.4,4856426
2024-02-07,61.24,62.06,60.91,61.88,4733157
2024-02-08,61.86,62.07,61.5379,61.95,3966917
2024-02-09,62.11,63.1422,61.98,62.97,5296020
2024-02-12,62.96,63.81,62.6,62.85,4922617
2024-02-13,60.4,60.9101,58.99,60.28,8772873
2024-02-14,61.24,62.05,60.35,61.87,6358689
2024-02-15,62.06,63.13,61.85,63.04,7448726
2024-02-16,62.94,63.36,61.81,62.07,6962053
2024-02-20,61.42,61.66,60.18,61.03,6453386
2024-02-21,60.51,61.24,59.83,61.17,5582036
2024-02-22,63.61,65.2813,63.271,64.94,7295854
2024-02-23,65.56,65.91,64.75,65.02,5784226
2024-02-26,65.17,65.345,64.25,64.3,4177040
2024-02-27,64.55,64.71,63.8,64.62,4077307
2024-02-28,63.99,64.5758,63.86,64.31,3938092
2024-02-29,64.98,65.59,63.93,64.94,6850363
2024-03-01,65.29,66.9477,65.135,66.77,6461992
2024-03-04,66.42,67.28,66.42,66.51,3643315
2024-03-05,65.71,65.885,63.63,64.49,6021517
2024-03-06,65.79,66.36,64.97,65.49,6771906
2024-03-07,66.69,67.78,66.344,67.39,5955911
2024-03-08,67.62,68.6872,65.885,66.14,11477562
2024-03-11,65.6,66.14,64.84,65.92,8913406
2024-03-12,66.74,68.25,65.73,68.03,8326623
2024-03-13,68.12,68.2,67.1,67.67,5123420
2024-03-14,68.02,68.0613,65.975,67.22,6770764
2024-03-15,65.97,66.53,65.2201,65.74,6360037
2024-03-18,67.36,67.95,66.74,67,9732406
2024-03-19,66.67,68.14,66.25,68.07,5571691
2024-03-20,67.94,69.83,67.64,69.78,5926970
2024-03-21,70.88,71.16,70.285,70.34,5468557
2024-03-22,70.33,70.54,69.88,70,3529016
2024-03-25,69.38,69.835,69.3,69.42,8511164
2024-03-26,69.94,70.07,68.77,68.84,7742131
2024-03-27,70.03,70.61,69.13,70.6,5110610
2024-03-28,70.59,71.1482,70.43,70.55,3904294
2024-04-01,70.81,71.03,69.65,70.19,8047701
2024-04-02,68.53,68.82,67.82,68.77,5248698
2024-04-03,68.31,69.5801,68.275,68.99,5570815
2024-04-04,70.54,70.68,66.25,66.36,7966894
2024-04-05,66.9,69.21,66.72,68.4,8073697
2024-04-08,68.7,69.1,68.1912,68.5,8048680
2024-04-09,69.2,69.29,66.77,68.71,5650289
2024-04-10,66.38,67.45,65.842,66.7,8940603
2024-04-11,67.17,68.655,65.785,68.06,6507875
2024-04-12,66.62,67.19,64.54,65.2,7446194
2024-04-15,66.85,66.9187,62.43,62.78,9206194
2024-04-16,62.92,63.5,61.9,62.37,8826628
2024-04-17,63.3,63.36,60.73,61.24,9682421
2024-04-18,61.73,62.52,60.465,60.86,9430693
2024-04-19,60.76,61.13,58.74,59.19,8056192
2024-04-22,60.15,61.7774,59.28,60.76,7134599
2024-04-23,61.56,63.12,61.36,62.92,6310995
2024-04-24,63.29,63.56,62,62.88,5805027
2024-04-25,60.43,62.35,59.84,62.07,7454136
2024-04-26,63.1,64.41,62.8701,63.8,4979828
2024-04-29,64.5,64.72,63.41,64.44,3580146
2024-04-30,63.84,64.25,61.39,61.39,5121798
2024-05-01,61.13,63.63,60.58,60.665,8514538
2024-05-02,62.09,62.7,60.39,62.38,4893242
2024-05-03,64.66,65.17,63.69,64.7,5392760
2024-05-06,65.63,66.69,65.45,66.68,3542669
2024-05-07,67.05,67.44,66.615,66.9,3943098
2024-05-08,66.12,67.08,66.08,66.86,2135004
2024-05-09,66.89,67.975,66.6107,67.96,2883166
2024-05-10,68.58,68.9197,67.7201,68.23,3417599
2024-05-13,68.86,68.89,67.74,68.22,2336733
2024-05-14,68.26,69.33,68.042,69.11,3548679
2024-05-15,70.1,71.79,69.85,71.64,4514858
2024-05-16,71.64,72.3001,71.1,71.16,3280618
2024-05-17,71.17,71.465,70.58,71.44,2852357
2024-05-20,71.45,72.265,71.29,71.65,2674127
2024-05-21,71.3,72.22,71.24,72.14,2209964
2024-05-22,71.85,72.13,70.6,71.48,3882346
2024-05-23,72.68,72.72,69.33,69.85,6521619
2024-05-24,70.59,71.53,70.18,71.22,4314877
2024-05-28,71.52,71.6,70.24,71.36,3831488
2024-05-29,69.61,70.29,69.51,69.82,3799462
2024-05-30,69.15,69.42,67.89,68.37,4031034
2024-05-31,68.7,70.26,66.65,70.13,6663739
2024-06-03,70.84,70.88,68.2601,70.33,6767853
2024-06-04,69.8,70.85,69.17,70.52,4973064
2024-06-05,71.49,73.05,70.65,73.02,4374192
2024-06-06,73.17,73.33,72.21,72.99,3182219
2024-06-07,72.55,73.86,72.07,72.65,4625549
2024-06-10,72.3,73.45,72.05,73.34,2621586
2024-06-11,72.67,73.85,71.8193,73.8,2731188
2024-06-12,75.73,76.75,75.19,75.6,6023677
2024-06-13,76.35,76.41,74.865,76.04,2707575
2024-06-14,75.34,76.13,74.8865,76.08,2770184
2024-06-17,75.8,78.47,75.5903,77.87,3222992
2024-06-18,77.89,78.5099,77.71,78.46,2504658
2024-06-20,78.84,79.12,77.02,77.75,3855644
2024-06-21,77.35,77.88,76.78,77.25,3249080
2024-06-24,77.28,78.405,76.57,76.59,3760367
2024-06-25,77.12,77.63,76.47,77.45,2583912
2024-06-26,76.73,77.805,76.45,77.5,2263041
2024-06-27,77.41,78.1,77.1,77.84,2527686
2024-06-28,78.11,79.435,76.31,76.84,5324293
2024-07-01,77.42,77.51,76.11,77.31,3265326
2024-07-02,76.6,78.82,76.55,78.82,2927249
2024-07-03,78.63,79.975,78.62,79.81,1889730
2024-07-05,79.9,81.31,79.6,81.12,3205705
2024-07-08,81.48,81.8,80.89,81.39,2528268
2024-07-09,81.77,82.17,81.4599,81.57,2145212
2024-07-10,82.11,84.13,81.98,83.92,2500498
2024-07-11,84.01,84.4,81.48,81.76,5672089
2024-07-12,82.21,84.87,82.05,83.17,4657197
2024-07-15,84.12,85.36,83.0569,83.85,8540479
2024-07-16,84.47,85.48,84.12,85.33,3117414
2024-07-17,82.56,83.35,81.59,81.76,4552406
2024-07-18,82.4,82.84,78.85,79.79,5761772
2024-07-19,79.61,80.34,77.68,78.11,4254657
2024-07-22,79.83,80.79,78.98,80.54,5229221
2024-07-23,80.46,81.415,79.91,80.12,3713521
2024-07-24,77.93,78.0894,74.23,74.64,7665348
2024-07-25,74.65,77.1811,73.06,73.42,9370556
2024-07-26,74.95,76.9599,74.6301,75.84,5798001
2024-07-29,76.46,76.8997,75.08,75.91,4323884
2024-07-30,76.54,76.98,73.3,74.74,4354376
2024-07-31,77.6,79.47,77.04,78.23,6042923
2024-08-01,79.1,80.06,73.5,75.01,9588405
2024-08-02,71.91,72.44,68.97,70.77,11936386
2024-08-05,62.21,67.01,61.71,64.53,13287757
2024-08-06,65.21,69.13,64.68,66.3,8450274
2024-08-07,68.69,69.865,64.7001,64.91,6425818
2024-08-08,66.9,69.65,66.1,69.39,4358900
2024-08-09,69.02,70.85,68.53,70.24,4320878
2024-08-12,70.7,71.32,69.43,70.32,5028084
2024-08-13,71.63,73.88,71.53,73.77,4384496
2024-08-14,74.14,74.955,72.97,74.48,4931197
2024-08-15,76.78,78.38,76.57,78.26,4323691
2024-08-16,77.5,79.01,77.43,78.67,3257027
2024-08-19,78.87,80.93,78.52,80.93,3304947
2024-08-20,80.72,81.46,79.93,80.49,2806184
2024-08-21,80.94,81.97,80.19,81.36,3541023
2024-08-22,82.16,82.42,78.85,79.38,4354630
2024-08-23,80.75,82.24,79.77,81.81,5118813
2024-08-26,82.24,82.57,80.47,81.17,3301278
2024-08-27,80.61,81.73,80.13,81.51,2652627
2024-08-28,81.36,81.53,78.644,80.07,3505034
2024-08-29,80.9,82.34,79.56,80.03,5456689
2024-08-30,80.99,82.45,79.425,82.2,4147130
2024-09-03,80.79,80.95,76,77.14,6598918
2024-09-04,76.29,78.06,76,76.57,5215740
2024-09-05,76.54,77.77,74.97,76.01,4482026
2024-09-06,76.09,76.77,71.72,72.12,7081836
2024-09-09,73.81,75.01,73,74.48,4155641
2024-09-10,75.26,75.595,73.24,75.43,3427817
2024-09-11,75.4,78.14,71.77,77.7,6822083
2024-09-12,77.99,79.81,77.02,79.66,4560509
2024-09-13,79.88,81.29,79.77,80.83,4017900
2024-09-16,80.71,81.3,79.93,81.21,2639469
2024-09-17,82.15,82.79,80.28,81.28,3493484
2024-09-18,81.53,83.67,80.28,80.5,5697774
2024-09-19,84.63,85.42,83.3807,84.59,5079543
2024-09-20,83.95,84.555,82.73,84.02,4089066
2024-09-23,84.55,84.99,84.01,84.67,3149300
2024-09-24,85.02,85.42,83.75,85.39,3467166
2024-09-25,85.09,85.41,84.07,84.55,3043117
2024-09-26,86.51,86.63,84.49,85.57,3761668
2024-09-27,85.98,86.3486,84.66,85.09,3148033
2024-09-30,84.61,86.37,83.58,86.19,3362679
2024-10-01,85.91,85.93,82.58,83.8,5914236
2024-10-02,83.33,84.3,82.25,83.81,3100894
2024-10-03,83.17,84.23,82.33,83.34,3960180
2024-10-04,85.27,85.71,83.43,85.52,4977751
2024-10-07,84.77,85.06,82.67,83.22,4657239
2024-10-08,84.3,85.7798,83.93,85.53,3049247
2024-10-09,85.5,87.5399,85.24,87.27,3551199
2024-10-10,86.66,87.44,86.05,86.79,3300329
2024-10-11,86.65,88.57,86.6,88.22,2940612
2024-10-14,88.99,90.82,88.83,90.39,2982088
2024-10-15,90.5,90.65,87.71,88.29,4602753
2024-10-16,88.24,89.62,87.88,89.37,2679632
2024-10-17,91.04,91.124,89.31,89.39,3484304
2024-10-18,90.11,90.7,89.42,90.31,2207146
2024-10-21,89.98,90.42,88.46,89.88,3368093
2024-10-22,88.63,90.21,88.33,89.69,2797598
2024-10-23,88.69,88.9,85.53,87.17,4292224
2024-10-24,88.09,88.1,86.54,87.71,3369234
2024-10-25,88.69,90.0201,87.12,87.54,4653560
2024-10-28,89.12,89.14,88.2,88.33,2906447
2024-10-29,87.86,89.255,87.21,88.71,2836533
2024-10-30,88.51,89.42,87.57,87.9,3107863
2024-10-31,85.86,85.89,82.62,82.66,6461183
2024-11-01,83.8,85.6439,83.49,83.66,4409763
2024-11-04,83.71,84.29,82.265,83.09,3364724
2024-11-05,83.52,86.1,83.41,86.09,3214568
2024-11-06,91.67,92.8898,89.97,92.5,7138662
2024-11-07,93.44,95.0799,93.38,94.58,3854643
2024-11-08,94.76,96.4,94.76,95.78,3727387
2024-11-11,96.53,96.66,95.1501,95.98,2856743
2024-11-12,95.93,96.21,93.84,95.05,3531906
2024-11-13,95.24,96.15,94.11,95.17,3611306
2024-11-14,95.2,95.4401,92.97,93.3,3269292
2024-11-15,91.53,91.735,88.73,89.62,5043353
2024-11-18,89.83,91.32,89.41,90.71,3077868
2024-11-19,89.08,92.01,88.78,91.7,3637077
2024-11-20,91.7,91.86,88.99,91.75,3972873
2024-11-21,93.07,93.8499,90.2917,93.17,4944499
2024-11-22,93.1,94.26,92.8705,93.94,2983237
2024-11-25,95.83,96.47,93.77,94.86,4131912
2024-11-26,95.45,96.67,95.14,96.38,3253109
2024-11-27,96.21,96.37,94.66,95.39,2693593
2024-11-29,95.69,97.4698,95.59,97.05,1798429
2024-12-02,97.28,97.9099,97.03,97.62,2394535
2024-12-03,97.48,97.81,96.95,97.67,2111250
2024-12-04,98.49,99.58,98.18,99.44,3113680
2024-12-05,99.44,99.8555,98.79,98.96,2103631
2024-12-06,99.25,100.06,99.0505,99.48,2901931
2024-12-09,99.34,99.43,97.57,97.86,3326175
2024-12-10,98.16,98.335,96.6,96.94,2314048
2024-12-11,98.32,99.61,98.18,99.18,2333980
2024-12-12,98.68,98.9483,97.58,97.6,2464797
2024-12-13,98.47,98.8499,96.7501,97.46,2761652
2024-12-16,98.24,99.12,97.89,98.63,2664838
2024-12-17,97.35,97.81,96.705,97.37,3155593
2024-12-18,97.21,98.3997,88.43,88.74,7538809
2024-12-19,90.9,91.65,88.425,88.54,6655367
2024-12-20,87.35,93.7,86.975,91.48,7185193
2024-12-23,91.22,93.26,89.73,93.01,3728213
2024-12-24,93.55,96.02,93.28,95.98,2349821
2024-12-26,95.11,96.5401,94.46,95.97,2961468
2024-12-27,94.08,94.21,90.85,92.91,5207299
2024-12-30,89.5,91.31,87.89,89.66,5261846
2024-12-31,90.39,90.7095,87.89,88.64,4339626
2025-01-02,90.07,90.89,86.09,87.9,5994152
2025-01-03,89.2,91.45,88.69,91.12,9809820
2025-01-06,93.1,94.72,91.89,92.7,4327989
2025-01-07,93.66,93.79,88.66,89.6,4744789
2025-01-08,89.52,90.355,87.91,89.84,3747652
2025-01-10,88.14,88.17,84.79,85.7,8894781
2025-01-13,83.56,86.21,83.3625,86.11,4371821
2025-01-14,87.35,87.63,84.7,86.36,4444059
2025-01-15,89.99,91.58,89.47,91.07,5440766
2025-01-16,91.68,91.76,90.19,90.55,3315360
2025-01-17,92.83,93.94,92.23,93.1,3550647
2025-01-21,94.57,95.62,93.62,95.53,5879923
2025-01-22,97,97.89,96.77,97.18,3103269
2025-01-23,96.89,98.78,96.76,98.77,2932473
2025-01-24,98.76,99.22,97.29,97.84,2942444
2025-01-27,91.46,93.8175,91.36,93.67,6126028
2025-01-28,94.22,96.45,92.65,96.01,4371355
2025-01-29,95.63,95.8299,93.49,94.69,4804907
2025-01-30,95.73,96.95,94.18,96.2,4292501
2025-01-31,97.3,98.48,94.21,94.57,4714534
2025-02-03,90.28,93.8164,89.217,92.61,6173518
2025-02-04,92.61,94.7308,92.4,94.48,3429382
2025-02-05,93.93,95.665,92.95,95.58,3205729
2025-02-06,96.4,96.63,94.82,96.57,3218606
2025-02-07,96.77,97.35,93.4901,93.84,4590491
2025-02-10,95.33,96.01,94.72,95.65,8225298
2025-02-11,94.59,96.16,94.54,95.85,2419704
2025-02-12,92.96,95.51,92.67,94.96,3590308
2025-02-13,95.45,98.02,94.86,97.92,3641739
2025-02-14,97.94,98.41,97.48,97.81,2828620
2025-02-18,98.34,98.62,97.15,98.56,2797573
2025-02-19,97.92,99.44,97.67,99.29,2830292
2025-02-20,98.59,98.65,96.38,98.02,3234605
2025-02-21,97.84,97.87,92.6806,92.95,4852830
2025-02-24,93.81,94.3,91.27,91.61,4499958
2025-02-25,91.56,91.88,88.05,90.16,5382454
2025-02-26,90.935,92.61,89.1,90.26,4290251
2025-02-27,91.36,91.86,85.78,85.95,5319943
2025-02-28,86.09,90.1209,84.7237,89.85,8008007
2025-03-03,90.76,91.3,83.4,85.25,6151671
2025-03-04,83.33,85.805,80.06,82.1,7322615
2025-03-05,81.98,85.4788,80.4426,84.67,6546976
2025-03-06,81.39,83.4,79.03,80.21,7101701
2025-03-07,79.34,82.05,77.165,81.39,6519772
2025-03-10,77.87,78.7097,72.78,74.96,8921438
2025-03-11,74.385,75.76,71.46,73.08,6705056
2025-03-12,75.44,75.81,72.1,74.15,6131800
2025-03-13,73.97,74.2174,70.46,71.19,5148226
2025-03-14,72.92,75.88,72.65,75.48,4855842
2025-03-17,75.43,78.25,75.29,77.18,7807606
2025-03-18,76.22,76.31,73.9,74.73,4509175
2025-03-19,75.39,78.61,74.9,77.06,5573637
2025-03-20,75.5,78.4847,75.25,76.5,3978881
2025-03-21,74.52,76.77,73.98,76.5,5009822
2025-03-24,79.2,80.93,78.92,80.47,5245954
2025-03-25,81.01,81.458,80.32,81,3722088
2025-03-26,80.71,81.16,77.3604,78.01,6146937
2025-03-27,77.38,78.864,76.42,77.28,4439958
2025-03-28,76.605,76.9,72.3399,72.64,9093400
2025-03-31,70.26,74.51,69.11,73.9,7467294
2025-04-01,73.2,75.39,71.72,74.62,7031562
2025-04-02,72.24,77.15,72.12,76.03,6995947
2025-04-03,68.13,69.28,64.83,65.13,9506267
2025-04-04,59.97,60.76,53.28,53.82,25204999
2025-04-07,48.17,58.94,45.88,53.05,21086000
2025-04-08,58.53,59.48,48.22,50.65,16152246
2025-04-09,49.54,65.68,49.41,64.81,28627247
2025-04-10,60.72,61.2,52.63,58.03,14488235
2025-04-11,57.45,61.9059,56.47,61.08,8597010
2025-04-14,64.53,64.6,61.03,62.78,7974388
2025-04-15,63,64.233,61.98,62.29,14040643
2025-04-16,60.19,61.37,56.25,58.12,7453955
2025-04-17,58.67,59.86,57.4501,58.28,6848133
2025-04-21,56.5,56.7,52.32,54.14,6116690
2025-04-22,56.08,58.97,55.77,58.2,7778463
2025-04-23,62.64,64.29,60.481,60.99,10778938
2025-04-24,61.41,65.1,60.99,64.77,5258886
2025-04-25,64.77,66.325,63.735,66.14,6197690
2025-04-28,66.4,67.2,64.13,66.28,5511332
2025-04-29,65.55,67.86,65.42,67.4,4265503
2025-04-30,65,68.2399,62.78,67.47,6708896
2025-05-01,69.655,71,68.7178,68.92,4731326
2025-05-02,71.23,72.55,70.34,71.91,5151964
2025-05-05,70.34,71.9,70.01,70.73,3863344
2025-05-06,68.56,70.615,68.215,68.93,4410859
2025-05-07,69.39,70.72,67.8762,69.8,5317361
2025-05-08,71.28,73.17,69.9515,71.16,6515660
2025-05-09,71.69,72.06,70.3,70.84,4053104
2025-05-12,77.31,77.855,75.63,77.79,6493653
2025-05-13,78.05,80.29,77.8001,79.37,5306954
2025-05-14,79.78,80.24,78.865,79.64,4671447
2025-05-15,78.84,81.025,78.6327,80.78,4407645
2025-05-16,81.08,82.4,80.28,82.29,4286731
2025-05-19,79.72,82.8001,79.72,82.55,4903249
2025-05-20,81.77,82.165,80.3151,81.65,3990475
2025-05-21,79.82,81.52,77.08,77.56,5763355
2025-05-22,77.42,78.975,76.9298,77.54,4290419
2025-05-23,74.64,76.95,74.481,75.92,5807067
2025-05-27,78.61,80.67,77.95,80.56,4389792
2025-05-28,80.77,81.26,78.895,79.17,4044169
2025-05-29,81.32,81.389,78.48,80.06,5065577
2025-05-30,79.57,80.45,77.26,79.78,4894768
2025-06-02,79.07,81.105,77.99,81.04,4281354
2025-06-03,80.92,82.8691,80.71,82.48,4167682
2025-06-04,82.81,83.2,82.2,82.35,3856013
2025-06-05,83.05,83.6,80.316,81.11,5925910
2025-06-06,83.37,84.28,82.6402,83.53,3967900
2025-06-09,83.79,84.43,83.29,83.73,3672190
2025-06-10,83.96,85.33,83.51,85.18,3878261
2025-06-11,85.61,85.99,83.5471,84.44,6316816
2025-06-12,83.84,85.4,83.62,85.4,4518887
2025-06-13,83.115,84.52,81.82,82.42,7441739
2025-06-16,83.84,85.52,83.81,84.8,4406707
2025-06-17,83.7,84.37,82.29,82.58,4402815
2025-06-18,82.92,84.07,82.1,82.52,3636884
2025-06-20,83.55,84.005,81.25,81.8,4678539
2025-06-23,82.12,84.39,80.82,84.23,6066149
2025-06-24,85.97,87.45,85.6,87.01,4989370
2025-06-25,87.24,87.48,86.24,86.95,9082129
2025-06-26,87.68,89.09,87.42,88.92,3594374
2025-06-27,89.25,90.8,88.3999,90.12,5038626
2025-06-30,91.215,92.02,90.2,91.44,3606320
2025-07-01,90.72,91.82,90.36,91.26,4161432
2025-07-02,91.1,92.52,90.82,92.47,3174662
2025-07-03,93.31,94.98,93.29,94.6,7128561
2025-07-07,93.65,93.95,91.1601,92.48,11653295
2025-07-08,92.72,93.05,91.91,92.25,3804541
2025-07-09,93.35,94.2,92.51,93.88,3908529
2025-07-10,93.95,95.14,93.41,94.66,2812337
2025-07-11,93.18,94.1407,92.65,93.55,3626770
2025-07-14,93.35,94.25,92.73,94.06,3503204
2025-07-15,95.3,95.44,92.82,92.84,4709368
2025-07-16,93.52,93.9699,91,93.73,4315369
2025-07-17,93.81,95.62,93.73,95.46,3739618
2025-07-18,95.93,95.98,94.64,95.17,3652545
2025-07-21,95.68,96.93,95.475,95.68,3257804
2025-07-22,95.8,96.03,94.46,95.67,4304919
2025-07-23,96.87,98.09,96.05,98.08,5023930
2025-07-24,98.27,98.96,97.98,98.21,3815996
2025-07-25,98.4,99.545,98.29,99.28,2698824
2025-07-28,99.51,99.74,98.59,99.22,3500837
2025-07-29,99.87,100,97.9901,98.43,4143528
2025-07-30,98.73,99.51,96.67,98.04,4817829
2025-07-31,100.3,100.4701,96.29,96.84,6467603
2025-08-01,94.15,94.16,90.93,92.02,10145836
2025-08-04,93.77,96.2,93.725,96.14,4692551
2025-08-05,96.46,96.825,94.27,94.73,5604005
2025-08-06,95.17,97.13,94.76,96.78,5062510
2025-08-07,98.42,98.75,95.15,96.6,6357099
2025-08-08,97.35,98.97,97.2,98.75,4244710
2025-08-11,98.84,99.54,97.54,98.07,8795709
2025-08-12,99.2,101.325,98.54,101.21,9329167
2025-08-13,102.26,102.86,101.22,102.26,4181048
2025-08-14,101.24,102.57,101,102.25,4596331
2025-08-15,102.68,102.7,100.99,101.47,3990374
2025-08-18,101.14,101.64,100.81,101.33,2917340
2025-08-19,101.22,101.7,99.03,99.62,4918891
2025-08-20,99.43,99.55,96.415,98.79,6987943
2025-08-21,97.94,98.735,96.81,97.64,5617830
2025-08-22,98.53,102.57,98.31,101.98,4977883
2025-08-25,101.39,101.98,100.605,100.67,3383876
2025-08-26,100.51,102.05,100.19,101.88,2891166
2025-08-27,101.59,102.895,101.53,102.52,2982748
2025-08-28,102.84,103.87,101.91,103.6,3147403
2025-08-29,102.81,102.9698,100.731,101.63,4312263
2025-09-02,98.04,99.43,96.805,99.38,5353675
2025-09-03,100.43,101.145,99.41,100.87,4310621
2025-09-04,101.23,103.43,100.78,103.38,3360186
2025-09-05,104.47,104.83,100.58,102.38,9369584
2025-09-08,103.07,103.65,102.4,103.15,3935545
2025-09-09,103.22,104.08,102.36,103.86,3650664
2025-09-10,105.4,105.85,103.96,104.74,5225701
2025-09-11,105.64,107.63,105.36,107.28,3537800
2025-09-12,107.22,107.94,106.86,107.08,3841711
2025-09-15,108.17,108.85,108.03,108.73,3340201
2025-09-16,109.03,109.19,107.915,108.25,2634294
2025-09-17,108.29,109.1046,105.44,107.86,3874231
2025-09-18,109.19,110.65,108.39,109.35,3454943
2025-09-19,110.21,111.285,109.24,110.81,3174981
2025-09-22,110.09,112.63,110.08,112.39,2957223
2025-09-23,112.34,112.6449,109.95,110.6,7066298
2025-09-24,110.97,111.01,108.54,109.24,3510813
2025-09-25,107.66,108.37,105.9,107.68,4041667
2025-09-26,108.35,109.75,107.56,109.42,2771623
2025-09-29,110.68,111.12,109.47,110.32,2844752
2025-09-30,109.94,111.79,109.32,111.49,2917999
2025-10-01,110.025,113.14,109.98,112.7,3445638
2025-10-02,113.68,113.71,111.8015,113.01,2831196
2025-10-03,113.33,114.68,112.41,112.88,7475542
2025-10-06,114.12,114.57,113.03,114.11,3938300
2025-10-07,114.59,114.783,112.08,112.83,3798362
2025-10-08,113.39,114.8336,112.94,114.78,2993931
2025-10-09,114.97,115.19,112.77,113.79,3089829
2025-10-10,114.16,115.0587,104.349,104.49,6745119
2025-10-13,108.07,109.98,107.6526,109.24,5053089
2025-10-14,106.29,110.56,104.3,108.76,6512749
2025-10-15,111.01,112.68,107.15,110.15,6250051
2025-10-16,111.04,111.9283,106.19,107.93,7103152
2025-10-17,107.28,110.3277,106.61,109.64,7076109
2025-10-20,111.09,113.51,111.07,113.05,3365402
2025-10-21,113.11,113.88,112.37,113.02,3153764
2025-10-22,113.35,113.35,108.98,111.23,5975289
2025-10-23,111.33,113.64,111.2,113.1,3158560
2025-10-24,115.45,116.47,115.05,115.76,3595848
2025-10-27,118.65,120.06,118.32,119.9,7237608
2025-10-28,120.83,121.7999,119.66,120.78,3934244
2025-10-29,121.66,122.1899,118.6,120.91,4883993
2025-10-30,119.06,120.15,116.98,117.03,5256977
2025-10-31,119.55,119.59,116.55,117.94,4429390
2025-11-03,119.85,119.92,116.87,118.68,2429058
2025-11-04,114.83,116.86,114.05,114.46,3891260
2025-11-05,114.22,117.2,113.8001,115.46,9055801
2025-11-06,114.96,115.4,110.96,111.76,5431496
2025-11-07,110.49,112.08,107.13,112.05,12608879
2025-11-10,115.09,117.57,113.99,117.12,5189341
2025-11-11,116.41,118.28,115.79,117.93,9453610
2025-11-12,118.95,118.97,116.923,118.13,4067684
2025-11-13,116.62,116.815,111.48,112.25,6528710
2025-11-14,108.8,113.94,107.74,112.08,8431268
2025-11-17,110.93,112.92,107.17,108.91,7817647
2025-11-18,107.1,108.6,104.05,106.19,14555858
2025-11-19,106.45,109.6,105.46,107.32,6096361
2025-11-20,112.31,113.5857,102.08,102.38,13208306
2025-11-21,103.47,107.96,101.5,105.38,9366665
2025-11-24,107.1,110.62,106.56,110.01,4765031
2025-11-25,109.88,113.64,107.85,113.02,6056552
2025-11-26,114.28,116.3481,113.87,115.32,4848464
2025-11-28,115.84,117.26,115.68,117.13,1939511
2025-12-01,114.73,116.88,114.7,115.49,3759664
2025-12-02,116.275,117.26,114.9606,116.07,3166359
2025-12-03,115.6,117.79,115.12,117.21,8301933
2025-12-04,117.945,118,115.91,117.52,8951356
2025-12-05,117.97,119.4599,117.5,118.03,4176314
2025-12-08,118.52,118.52,115.91,116.95,3259265
2025-12-09,116.67,117.82,116.3901,116.61,2850663
2025-12-10,116.37,119.6291,115.7,118.85,4736083
2025-12-11,117.6,119.75,116.07,119.56,8899479
2025-12-12,119.13,119.45,114.4,115.72,8048334
2025-12-15,117.74,117.74,114.45,115.18,4198726
2025-12-16,114.36,115.31,112.22,114.2,5046449
2025-12-17,114.69,114.9432,110.29,110.39,7185513
2025-12-18,113.42,114.95,112.08,112.86,3841614
2025-12-19,113.87,116.08,113.77,115.81,2549935
2025-12-22,117.5,118.22,116.86,117.9,2176658
2025-12-23,117.46,119.65,117.4205,119.51,2696421
2025-12-24,119.14,120.61,119.0701,120.32,1741173
2025-12-26,120.43,120.96,119.71,120.23,1795503
2025-12-29,118.79,119.64,118,118.92,2248033
2025-12-30,118.7,119.26,118.25,118.44,2475076
2025-12-31,118.49,118.585,115.68,115.76,3808555
2026-01-02,117.595,118.2,114.63,116.33,5800867
2026-01-05,118,119.48,117.94,118.59,4456146
2026-01-06,118.69,120.93,118.61,120.65,3595327
2026-01-07,120.84,121.78,119.33,119.51,3610239
2026-01-08,119.06,119.97,118.35,119.36,3402700
2026-01-09,119.89,122.32,119.15,121.65,4287482
2026-01-12,119.87,122.71,119.86,122.23,2699412
2026-01-13,122.41,122.68,120.2,121.43,3235354
2026-01-14,119.97,120.3428,117.42,119.67,4994884
2026-01-15,121.78,122.24,120.05,120.54,3370587
2026-01-16,121.19,121.5,119.36,120.13,2621276
2026-01-20,114.82,116.51,112.27,112.78,6412253
2026-01-21,113.77,118.3,113.03,116.59,8321662
2026-01-22,118.86,119.52,117.39,118.4,3846735
2026-01-23,117.92,119.36,117.41,118.42,3078118
2026-01-26,119.06,120.96,118.8,120.23,2851819
2026-01-27,120.97,122.18,120.65,121.67,2185007
2026-01-28,122.45,122.85,120.81,121.6,3340096
2026-01-29,122.02,122.37,115.975,120.74,5738797
2026-01-30,119.57,120.8,117.08,119.61,5040035
2026-02-02,118.37,122.17,118.3,121.43,3754954
2026-02-03,121.79,122.16,115.39,118.25,6288285
2026-02-04,118.66,119.1804,114.24,116.49,7964825
2026-02-05,113.79,115.19,111.2,112.03,8208869
2026-02-06,113.91,119.305,113.69,118.48,5952947
2026-02-09,117.81,121.1213,117.275,120.14,3025149
2026-02-10,120.66,121.47,118.9101,119.15,3289665
2026-02-11,121.37,121.72,117.63,119,3210388
2026-02-12,120.23,120.77,113.06,113.49,7066811
2026-02-13,113.565,115.88,111.48,113.51,5644437
2026-02-17,112.77,115.1625,110.6,114.06,5037017
2026-02-18,114.69,117.2499,114.09,115.77,3928587
2026-02-19,114.53,115.73,113.38,114.89,3688200
2026-02-20,113.65,117.54,113.41,117.24,5506072
2026-02-23,116.39,117.52,112.64,113.66,4202458
2026-02-24,113.35,116.564,112.44,116.07,2736600
2026-02-25,117.47,119.26,117.4401,118.95,2504377
2026-02-26,119.04,119.08,114.43,116.98,3207369
2026-02-27,113.69,115.61,112.995,115.31,4246948
2026-03-02,111.49,116.4539,111.16,115.32,3610715
2026-03-03,109.62,113.415,106.89,112.24,6541125
2026-03-04,112.87,115.59,111.89,114.61,4352655
2026-03-05,113.06,114.77,109.8,112.7,6253543
2026-03-06,108.63,109.98,106.82,108.16,5464329
2026-03-09,105.2,111.74,103.27,110.97,9101436
2026-03-10,110.65,113.4107,109.21,110.31,6155736
2026-03-11,110.54,111.76,108.49,109.94,4181014
2026-03-12,107.35,107.62,104.8,104.89,6085631
2026-03-13,106.3,107.76,102.6,103.01,6598976
2026-03-16,105.83,107.54,105.24,106.1,4607114
2026-03-17,107.7,108.67,106.6,106.92,2942631
2026-03-18,105.735,106.37,102.3494,102.47,5114089
2026-03-19,100.27,103.11,99.48,101.63,5536610
2026-03-20,100.88,100.95,95.44,97.09,6060677
2026-03-23,101.35,103.45,99.54,100.21,7422163
2026-03-24,98.34,100.94,97.68,99.17,4261015
2026-03-25,101.405,102.43,99.425,100.52,2340004
2026-03-26,98.34,99.64,95.05,95.18,3849485
2026-03-27,93.92,94,89.7901,90.21,5761250
2026-03-30,92.73,92.85,88.145,89.29,4420162
2026-03-31,92.19,97.52,91.81,96.98,5505994
2026-04-01,98.58,100.66,98.21,99.17,3922645
2026-04-02,95.1,100.3,94.51,99.38,3625111
2026-04-06,99.35,101.09,99.2,100.74,2757475
2026-04-07,99.68,101,97.11,100.85,4321247
2026-04-08,108.69,109.04,106.48,108.46,3757358
2026-04-09,107.97,110.98,107.44,110.36,3291358
2026-04-10,110.99,111.35,109.58,110.01,2719198
2026-04-13,109.06,113.36,108.67,113.23,3408676
2026-04-14,114.03,117.44,114.02,117.34,3235042
2026-04-15,117.79,120.29,117.27,120.06,3551748
2026-04-16,120.69,121.55,119.373,120.96,3081287
2026-04-17,123.21,126.43,123.03,125.23,4673326
2026-04-20,124.49,125.12,123.14,124.49,3255230
2026-04-21,125.28,125.8086,121.2865,122.07,4154385
2026-04-22,124.61,125.8,124.15,125.69,3173624
2026-04-23,124.72,126.26,120.94,124.16,4548068
2026-04-24,125.28,127.25,124.4,126.99,3567636
2026-04-27,126.52,127.81,126.06,127.59,2978567
2026-04-28,125.75,126.32,124.4,125.69,2688547
2026-04-29,125.28,125.93,123.9,125.62,3050281
2026-04-30,127.19,129.89,124.9799,129.18,4065276
2026-05-01,130.61,132.57,130.19,130.3,3525895
2026-05-04,129.92,131.03,127.2,128.85,3118143
2026-05-05,130.8,132.535,130.65,131.85,2785165
2026-05-06,134.22,137.75,134.08,137.3,3485876
2026-05-07,138,138.5899,135.0201,136.02,3651542
2026-05-08,137.81,139.52,137.605,139.22,2452063
2026-05-11,138.63,141.03,138.59,140.09,2677334
2026-05-12,138.84,139.9,135.93,139.53,3254039
2026-05-13,139.64,142.7,137.955,141.83,2808022
2026-05-14,142.59,145.93,142.53,145.1,2713946
2026-05-15,141.35,142.2892,139.1,139.73,3097944
2026-05-18,140.16,141.04,136.48,139.36,3798130
2026-05-19,137.23,138.83,135.39,136.64,3691696
2026-05-20,137.71,141.14,136.7,140.83,2968197
2026-05-21,139.25,142.79,138.42,141.58,2879661
2026-05-22,143.48,145,142.5,143.08,2448477
2026-05-26,145.605,146.8088,144.6401,145.86,2193601
2026-05-27,146.05,146.3099,144.48,145.84,2206647
2026-05-28,145.59,148.51,145.07,148.19,2325136
2026-05-29,148.85,150.12,148.14,149.18,3014143
2026-06-01,148.495,151.38,148.11,150.29,2581155
2026-06-02,149.44,151.4096,149.23,150.87,2229545
2026-06-03,150,150.41,147.33,147.72,2545232
2026-06-04,146.41,150.05,146.03,149.33,2076997
2026-06-05,146.39,146.68,136.45,137.53,4587909
2026-06-08,140.84,141.9243,137.9363,138.57,2952647
2026-06-09,140.96,142.8,129.2076,137.23,4841245
2026-06-10,135.18,137.965,130.68,130.69,4295832
2026-06-11,132.43,138.58,130.15,137.29,3954978
2026-06-12,138.87,140.95,135.75,139.41,2894240
2026-06-15,145.14,147.87,145.095,146.74,2673114
2026-06-16,146.64,147.11,143.875,144.14,1787323
2026-06-17,144.63,145.14,137.75,138.74,2812423
2026-06-18,143.45,143.72,141.285,142.81,2145400
2026-06-22,143.38,144.75,140.77,141.42,1971674
2026-06-23,135.29,138.74,134.58,135.38,2681723
2026-06-24,135.72,138.475,133.46,134.7,2241392
2026-06-25,137.82,138.09,132.755,134.73,2382287
2026-06-26,132.19,136.44,131.11,132.08,2524097
2026-06-29,136.4,139.16,133.951,138.76,2182692
2026-06-30,138.86,142.75,138.738,141.79,2087607
2026-07-01,140.94,143.53,139.5,141.39,2094242
2026-07-02,142.24,144.4,138.02,140.77,3075997
2026-07-06,142.81,145.01,142.1664,144.41,1847009
2026-07-07,143.75,144.14,140.835,142.21,2457186
2026-07-08,139.67,141.32,137.52,140.83,2032850
2026-07-09,141.92,144.6,140.985,144.39,1620898
2026-07-10,144.47,146.45,142.27,146.16,1919813
2026-07-13,144.68,145.5423,142.14,142.73,1951558
2026-07-14,143.76,145.1,142.4611,144.28,1920823
2026-07-15,145.6,146.41,143.3445,145.87,1821975
2026-07-16,144.74,145.75,141.9497,143.61,1910724
2026-07-17,138.47,141.43,137.755,139.05,2368334
2026-07-20,141.12,142.14,138.1,138.47,2026985
2026-07-21,140.74,142.29,139.57,141.89,1462944
2026-07-22,140.89,142.8,140.74,141.27,1425355
2026-07-23,136.69,138.51,134.34,136.13,2487190
2026-07-24,136.12,139,135.43,136.27,1720326
2026-07-27,139.56,139.96,134.61,136.36,1863094
2026-07-28,136.39,138.41,134.65,137.3,1806766
2026-07-29,136.76,138.3,130.775,131.01,3180838
2026-07-30,134.44,137.88,133.72,137.57,2348497
2026-07-31,139.11,141.39,135.19,140.28,2848319
2026-08-03,141.66,146.8635,141.5,146.32,2789598
2026-08-04,148,155.415,147.96,154.14,3560395
2026-08-05,156.87,157.5,153.11,153.24,2404190
2026-08-06,153.46,154.405,151.86,152.43,1637075
2026-08-07,153.8,155.53,152.98,155.06,1844147
2026-08-10,154.68,156.17,154.21,154.98,1754543
2026-08-11,155.87,155.87,152.71,153.36,1627983
2026-08-12,155.79,155.955,153.9,154.55,1652112
2026-08-13,155.93,158.63,155.5248,157.68,1820612
2026-08-14,158,158.1626,156.13,156.63,1510372
2026-08-17,156.505,156.8999,154.3,154.4,1521745
2026-08-18,151.97,152.4792,150.93,151.19,1899939
2026-08-19,152.92,154.15,151.63,152.16,1827164
2026-08-20,150.25,151.57,147.951,148.28,2025293
2026-08-21,150.13,151.2,149.055,149.88,1645456
2026-08-24,149.43,149.605,147.82,148.58,1812458
2026-08-25,150.09,150.455,148.34,149.94,1729071
2026-08-26,149.18,150.77,148.7701,149.97,1157405
2026-08-27,151.44,153.67,150.64,152.91,1886810
2026-08-28,153.23,155.33,151.18,151.78,2375662
2026-08-31,150.57,150.94,149.0101,150.27,1533631
2026-09-01,147.35,148.935,145.886,147.15,2363466
2026-09-02,147.58,149.9,147.2078,149.14,1350812
2026-09-03,150.695,154.3,150.4133,153.73,1896110
2026-09-04,152.93,153.47,151.1661,151.88,1502801
2026-09-08,149.74,151.51,148.85,149.3,1522072
2026-09-09,148.19,148.4,146.3671,147.19,1474358
2026-09-10,144.62,145.77,143.81,144.5,2369684
2026-09-11,148.27,149.24,147.7301,148.02,1836241
2026-09-14,144.95,147.57,144.31,145.99,1776071
2026-09-15,145.58,145.719,143.28,143.97,1373587
2026-09-16,145.15,146.36,139.535,142.1,2379161
2026-09-17,147.15,147.35,145.36,146.88,1616134
2026-09-18,147.08,147.4577,145.1201,147.19,1353008
2026-09-21,149.89,154.865,149.8071,154.07,2052256
2026-09-22,154.3,155.03,153.51,154.01,1721303
2026-09-23,153.32,153.45,149.54,150.3,1607518
2026-09-24,148.1,150.92,147.6,149.99,1628201
2026-09-25,150.73,152.79,149.33,152.2,1827718
2026-09-28,150.44,151.13,147.69,148.75,2328129
2026-09-29,149.47,149.48,146.8625,147.96,1627988
2026-09-30,149.2,150.8925,146.73,146.97,2195228
2026-10-01,147.95,148.6911,144.74,147.75,2486368
2026-10-02,151.42,152.62,149.43,150.88,2455439
2026-10-05,150.87,154.9,150.86,153.89,2044152
2026-10-06,155.82,157.88,155.7118,156.41,1648651
