time_utc,leg,strike,type,open,high,low,close,interpolated,instrument_id,occ_symbol
2026-10-08T13:30:00Z,sp,767,put,0.080000,0.080000,0.080000,0.080000,False,73fee67d-a2cd-47e2-8ad9-d3fe84f0b988,SPY   261008P00767000
2026-10-08T13:35:00Z,sp,767,put,0.080000,0.080000,0.070000,0.070000,False,73fee67d-a2cd-47e2-8ad9-d3fe84f0b988,SPY   261008P00767000
2026-10-08T13:40:00Z,sp,767,put,0.070000,0.070000,0.070000,0.070000,False,73fee67d-a2cd-47e2-8ad9-d3fe84f0b988,SPY   261008P00767000
2026-10-08T13:45:00Z,sp,767,put,0.070000,0.070000,0.050000,0.050000,False,73fee67d-a2cd-47e2-8ad9-d3fe84f0b988,SPY   261008P00767000
2026-10-08T13:50:00Z,sp,767,put,0.050000,0.050000,0.050000,0.050000,False,73fee67d-a2cd-47e2-8ad9-d3fe84f0b988,SPY   261008P00767000
2026-10-08T13:55:00Z,sp,767,put,0.050000,0.050000,0.050000,0.050000,False,73fee67d-a2cd-47e2-8ad9-d3fe84f0b988,SPY   261008P00767000
2026-10-08T14:00:00Z,sp,767,put,0.050000,0.050000,0.040000,0.040000,False,73fee67d-a2cd-47e2-8ad9-d3fe84f0b988,SPY   261008P00767000
2026-10-08T14:05:00Z,sp,767,put,0.040000,0.040000,0.040000,0.040000,False,73fee67d-a2cd-47e2-8ad9-d3fe84f0b988,SPY   261008P00767000
2026-10-08T14:10:00Z,sp,767,put,0.040000,0.040000,0.040000,0.040000,False,73fee67d-a2cd-47e2-8ad9-d3fe84f0b988,SPY   261008P00767000
2026-10-08T14:15:00Z,sp,767,put,0.040000,0.040000,0.030000,0.030000,False,73fee67d-a2cd-47e2-8ad9-d3fe84f0b988,SPY   261008P00767000
2026-10-08T14:20:00Z,sp,767,put,0.030000,0.030000,0.030000,0.030000,False,73fee67d-a2cd-47e2-8ad9-d3fe84f0b988,SPY   261008P00767000
2026-10-08T14:25:00Z,sp,767,put,0.030000,0.030000,0.030000,0.030000,False,73fee67d-a2cd-47e2-8ad9-d3fe84f0b988,SPY   261008P00767000
2026-10-08T14:30:00Z,sp,767,put,0.030000,0.030000,0.030000,0.030000,False,73fee67d-a2cd-47e2-8ad9-d3fe84f0b988,SPY   261008P00767000
2026-10-08T14:35:00Z,sp,767,put,0.030000,0.030000,0.030000,0.030000,False,73fee67d-a2cd-47e2-8ad9-d3fe84f0b988,SPY   261008P00767000
2026-10-08T14:40:00Z,sp,767,put,0.030000,0.030000,0.030000,0.030000,False,73fee67d-a2cd-47e2-8ad9-d3fe84f0b988,SPY   261008P00767000
2026-10-08T14:45:00Z,sp,767,put,0.030000,0.030000,0.030000,0.030000,False,73fee67d-a2cd-47e2-8ad9-d3fe84f0b988,SPY   261008P00767000
2026-10-08T14:50:00Z,sp,767,put,0.030000,0.040000,0.030000,0.040000,False,73fee67d-a2cd-47e2-8ad9-d3fe84f0b988,SPY   261008P00767000
2026-10-08T14:55:00Z,sp,767,put,0.040000,0.040000,0.040000,0.040000,False,73fee67d-a2cd-47e2-8ad9-d3fe84f0b988,SPY   261008P00767000
2026-10-08T15:00:00Z,sp,767,put,0.040000,0.040000,0.040000,0.040000,False,73fee67d-a2cd-47e2-8ad9-d3fe84f0b988,SPY   261008P00767000
2026-10-08T15:05:00Z,sp,767,put,0.040000,0.040000,0.040000,0.040000,False,73fee67d-a2cd-47e2-8ad9-d3fe84f0b988,SPY   261008P00767000
2026-10-08T15:10:00Z,sp,767,put,0.040000,0.040000,0.040000,0.040000,False,73fee67d-a2cd-47e2-8ad9-d3fe84f0b988,SPY   261008P00767000
2026-10-08T15:15:00Z,sp,767,put,0.040000,0.040000,0.040000,0.040000,False,73fee67d-a2cd-47e2-8ad9-d3fe84f0b988,SPY   261008P00767000
2026-10-08T15:20:00Z,sp,767,put,0.040000,0.040000,0.040000,0.040000,False,73fee67d-a2cd-47e2-8ad9-d3fe84f0b988,SPY   261008P00767000
2026-10-08T15:25:00Z,sp,767,put,0.040000,0.040000,0.040000,0.040000,False,73fee67d-a2cd-47e2-8ad9-d3fe84f0b988,SPY   261008P00767000
2026-10-08T15:30:00Z,sp,767,put,0.040000,0.040000,0.040000,0.040000,False,73fee67d-a2cd-47e2-8ad9-d3fe84f0b988,SPY   261008P00767000
2026-10-08T15:35:00Z,sp,767,put,0.040000,0.040000,0.040000,0.040000,False,73fee67d-a2cd-47e2-8ad9-d3fe84f0b988,SPY   261008P00767000
2026-10-08T15:40:00Z,sp,767,put,0.040000,0.040000,0.040000,0.040000,False,73fee67d-a2cd-47e2-8ad9-d3fe84f0b988,SPY   261008P00767000
2026-10-08T15:45:00Z,sp,767,put,0.040000,0.040000,0.040000,0.040000,False,73fee67d-a2cd-47e2-8ad9-d3fe84f0b988,SPY   261008P00767000
2026-10-08T15:50:00Z,sp,767,put,0.040000,0.040000,0.040000,0.040000,False,73fee67d-a2cd-47e2-8ad9-d3fe84f0b988,SPY   261008P00767000
2026-10-08T15:55:00Z,sp,767,put,0.040000,0.040000,0.040000,0.040000,False,73fee67d-a2cd-47e2-8ad9-d3fe84f0b988,SPY   261008P00767000
2026-10-08T16:00:00Z,sp,767,put,0.040000,0.040000,0.040000,0.040000,False,73fee67d-a2cd-47e2-8ad9-d3fe84f0b988,SPY   261008P00767000
2026-10-08T16:05:00Z,sp,767,put,0.040000,0.040000,0.030000,0.030000,False,73fee67d-a2cd-47e2-8ad9-d3fe84f0b988,SPY   261008P00767000
2026-10-08T16:10:00Z,sp,767,put,0.030000,0.030000,0.030000,0.030000,False,73fee67d-a2cd-47e2-8ad9-d3fe84f0b988,SPY   261008P00767000
2026-10-08T16:15:00Z,sp,767,put,0.030000,0.030000,0.030000,0.030000,False,73fee67d-a2cd-47e2-8ad9-d3fe84f0b988,SPY   261008P00767000
2026-10-08T16:20:00Z,sp,767,put,0.030000,0.030000,0.030000,0.030000,False,73fee67d-a2cd-47e2-8ad9-d3fe84f0b988,SPY   261008P00767000
2026-10-08T16:25:00Z,sp,767,put,0.030000,0.030000,0.030000,0.030000,False,73fee67d-a2cd-47e2-8ad9-d3fe84f0b988,SPY   261008P00767000
2026-10-08T16:30:00Z,sp,767,put,0.030000,0.030000,0.030000,0.030000,False,73fee67d-a2cd-47e2-8ad9-d3fe84f0b988,SPY   261008P00767000
2026-10-08T16:35:00Z,sp,767,put,0.030000,0.030000,0.030000,0.030000,False,73fee67d-a2cd-47e2-8ad9-d3fe84f0b988,SPY   261008P00767000
2026-10-08T16:40:00Z,sp,767,put,0.030000,0.030000,0.030000,0.030000,False,73fee67d-a2cd-47e2-8ad9-d3fe84f0b988,SPY   261008P00767000
2026-10-08T16:45:00Z,sp,767,put,0.030000,0.070000,0.030000,0.070000,False,73fee67d-a2cd-47e2-8ad9-d3fe84f0b988,SPY   261008P00767000
2026-10-08T16:50:00Z,sp,767,put,0.070000,0.110000,0.060000,0.090000,False,73fee67d-a2cd-47e2-8ad9-d3fe84f0b988,SPY   261008P00767000
2026-10-08T16:55:00Z,sp,767,put,0.080000,0.100000,0.070000,0.080000,False,73fee67d-a2cd-47e2-8ad9-d3fe84f0b988,SPY   261008P00767000
2026-10-08T17:00:00Z,sp,767,put,0.080000,0.150000,0.080000,0.150000,False,73fee67d-a2cd-47e2-8ad9-d3fe84f0b988,SPY   261008P00767000
2026-10-08T17:05:00Z,sp,767,put,0.140000,0.160000,0.100000,0.100000,False,73fee67d-a2cd-47e2-8ad9-d3fe84f0b988,SPY   261008P00767000
2026-10-08T17:10:00Z,sp,767,put,0.100000,0.130000,0.070000,0.070000,False,73fee67d-a2cd-47e2-8ad9-d3fe84f0b988,SPY   261008P00767000
2026-10-08T17:15:00Z,sp,767,put,0.070000,0.100000,0.060000,0.080000,False,73fee67d-a2cd-47e2-8ad9-d3fe84f0b988,SPY   261008P00767000
2026-10-08T17:20:00Z,sp,767,put,0.140000,0.140000,0.120000,0.120000,False,73fee67d-a2cd-47e2-8ad9-d3fe84f0b988,SPY   261008P00767000
2026-10-08T17:25:00Z,sp,767,put,0.130000,0.320000,0.120000,0.210000,False,73fee67d-a2cd-47e2-8ad9-d3fe84f0b988,SPY   261008P00767000
2026-10-08T17:30:00Z,sp,767,put,0.210000,0.240000,0.120000,0.120000,False,73fee67d-a2cd-47e2-8ad9-d3fe84f0b988,SPY   261008P00767000
2026-10-08T17:35:00Z,sp,767,put,0.120000,0.120000,0.080000,0.080000,False,73fee67d-a2cd-47e2-8ad9-d3fe84f0b988,SPY   261008P00767000
2026-10-08T17:40:00Z,sp,767,put,0.080000,0.080000,0.070000,0.070000,False,73fee67d-a2cd-47e2-8ad9-d3fe84f0b988,SPY   261008P00767000
2026-10-08T17:45:00Z,sp,767,put,0.070000,0.120000,0.070000,0.120000,False,73fee67d-a2cd-47e2-8ad9-d3fe84f0b988,SPY   261008P00767000
2026-10-08T17:50:00Z,sp,767,put,0.120000,0.120000,0.100000,0.100000,False,73fee67d-a2cd-47e2-8ad9-d3fe84f0b988,SPY   261008P00767000
2026-10-08T17:55:00Z,sp,767,put,0.100000,0.100000,0.080000,0.080000,False,73fee67d-a2cd-47e2-8ad9-d3fe84f0b988,SPY   261008P00767000
2026-10-08T18:00:00Z,sp,767,put,0.080000,0.100000,0.070000,0.070000,False,73fee67d-a2cd-47e2-8ad9-d3fe84f0b988,SPY   261008P00767000
2026-10-08T18:05:00Z,sp,767,put,0.070000,0.080000,0.060000,0.060000,False,73fee67d-a2cd-47e2-8ad9-d3fe84f0b988,SPY   261008P00767000
2026-10-08T18:10:00Z,sp,767,put,0.060000,0.060000,0.050000,0.050000,False,73fee67d-a2cd-47e2-8ad9-d3fe84f0b988,SPY   261008P00767000
2026-10-08T18:15:00Z,sp,767,put,0.050000,0.050000,0.040000,0.040000,False,73fee67d-a2cd-47e2-8ad9-d3fe84f0b988,SPY   261008P00767000
2026-10-08T18:20:00Z,sp,767,put,0.040000,0.040000,0.040000,0.040000,False,73fee67d-a2cd-47e2-8ad9-d3fe84f0b988,SPY   261008P00767000
2026-10-08T18:25:00Z,sp,767,put,0.040000,0.040000,0.030000,0.030000,False,73fee67d-a2cd-47e2-8ad9-d3fe84f0b988,SPY   261008P00767000
2026-10-08T18:30:00Z,sp,767,put,0.030000,0.030000,0.030000,0.030000,False,73fee67d-a2cd-47e2-8ad9-d3fe84f0b988,SPY   261008P00767000
2026-10-08T18:35:00Z,sp,767,put,0.030000,0.030000,0.030000,0.030000,False,73fee67d-a2cd-47e2-8ad9-d3fe84f0b988,SPY   261008P00767000
2026-10-08T18:40:00Z,sp,767,put,0.030000,0.030000,0.030000,0.030000,False,73fee67d-a2cd-47e2-8ad9-d3fe84f0b988,SPY   261008P00767000
2026-10-08T18:45:00Z,sp,767,put,0.030000,0.030000,0.030000,0.030000,False,73fee67d-a2cd-47e2-8ad9-d3fe84f0b988,SPY   261008P00767000
2026-10-08T18:50:00Z,sp,767,put,0.030000,0.030000,0.030000,0.030000,False,73fee67d-a2cd-47e2-8ad9-d3fe84f0b988,SPY   261008P00767000
2026-10-08T18:55:00Z,sp,767,put,0.030000,0.030000,0.030000,0.030000,False,73fee67d-a2cd-47e2-8ad9-d3fe84f0b988,SPY   261008P00767000
2026-10-08T19:00:00Z,sp,767,put,0.030000,0.030000,0.030000,0.030000,False,73fee67d-a2cd-47e2-8ad9-d3fe84f0b988,SPY   261008P00767000
2026-10-08T19:05:00Z,sp,767,put,0.030000,0.030000,0.030000,0.030000,False,73fee67d-a2cd-47e2-8ad9-d3fe84f0b988,SPY   261008P00767000
2026-10-08T19:10:00Z,sp,767,put,0.030000,0.030000,0.020000,0.020000,False,73fee67d-a2cd-47e2-8ad9-d3fe84f0b988,SPY   261008P00767000
2026-10-08T19:15:00Z,sp,767,put,0.020000,0.020000,0.020000,0.020000,False,73fee67d-a2cd-47e2-8ad9-d3fe84f0b988,SPY   261008P00767000
2026-10-08T19:20:00Z,sp,767,put,0.020000,0.020000,0.020000,0.020000,False,73fee67d-a2cd-47e2-8ad9-d3fe84f0b988,SPY   261008P00767000
2026-10-08T19:25:00Z,sp,767,put,0.020000,0.020000,0.020000,0.020000,False,73fee67d-a2cd-47e2-8ad9-d3fe84f0b988,SPY   261008P00767000
2026-10-08T19:30:00Z,sp,767,put,0.020000,0.020000,0.020000,0.020000,False,73fee67d-a2cd-47e2-8ad9-d3fe84f0b988,SPY   261008P00767000
2026-10-08T19:35:00Z,sp,767,put,0.020000,0.020000,0.020000,0.020000,False,73fee67d-a2cd-47e2-8ad9-d3fe84f0b988,SPY   261008P00767000
2026-10-08T19:40:00Z,sp,767,put,0.020000,0.020000,0.020000,0.020000,False,73fee67d-a2cd-47e2-8ad9-d3fe84f0b988,SPY   261008P00767000
2026-10-08T19:45:00Z,sp,767,put,0.020000,0.020000,0.020000,0.020000,False,73fee67d-a2cd-47e2-8ad9-d3fe84f0b988,SPY   261008P00767000
2026-10-08T19:50:00Z,sp,767,put,0.020000,0.020000,0.020000,0.020000,False,73fee67d-a2cd-47e2-8ad9-d3fe84f0b988,SPY   261008P00767000
2026-10-08T19:55:00Z,sp,767,put,0.020000,0.020000,0.010000,0.010000,False,73fee67d-a2cd-47e2-8ad9-d3fe84f0b988,SPY   261008P00767000
2026-10-08T13:30:00Z,lp,762,put,0.040000,0.040000,0.040000,0.040000,False,86570d39-6a35-424b-9d5d-4f90e8bbd104,SPY   261008P00762000
2026-10-08T13:35:00Z,lp,762,put,0.040000,0.040000,0.030000,0.030000,False,86570d39-6a35-424b-9d5d-4f90e8bbd104,SPY   261008P00762000
2026-10-08T13:40:00Z,lp,762,put,0.030000,0.030000,0.030000,0.030000,False,86570d39-6a35-424b-9d5d-4f90e8bbd104,SPY   261008P00762000
2026-10-08T13:45:00Z,lp,762,put,0.030000,0.030000,0.030000,0.030000,False,86570d39-6a35-424b-9d5d-4f90e8bbd104,SPY   261008P00762000
2026-10-08T13:50:00Z,lp,762,put,0.030000,0.030000,0.020000,0.020000,False,86570d39-6a35-424b-9d5d-4f90e8bbd104,SPY   261008P00762000
2026-10-08T13:55:00Z,lp,762,put,0.020000,0.020000,0.020000,0.020000,False,86570d39-6a35-424b-9d5d-4f90e8bbd104,SPY   261008P00762000
2026-10-08T14:00:00Z,lp,762,put,0.020000,0.020000,0.020000,0.020000,False,86570d39-6a35-424b-9d5d-4f90e8bbd104,SPY   261008P00762000
2026-10-08T14:05:00Z,lp,762,put,0.020000,0.020000,0.020000,0.020000,False,86570d39-6a35-424b-9d5d-4f90e8bbd104,SPY   261008P00762000
2026-10-08T14:10:00Z,lp,762,put,0.020000,0.020000,0.020000,0.020000,False,86570d39-6a35-424b-9d5d-4f90e8bbd104,SPY   261008P00762000
2026-10-08T14:15:00Z,lp,762,put,0.020000,0.020000,0.020000,0.020000,False,86570d39-6a35-424b-9d5d-4f90e8bbd104,SPY   261008P00762000
2026-10-08T14:20:00Z,lp,762,put,0.020000,0.020000,0.020000,0.020000,False,86570d39-6a35-424b-9d5d-4f90e8bbd104,SPY   261008P00762000
2026-10-08T14:25:00Z,lp,762,put,0.020000,0.020000,0.020000,0.020000,False,86570d39-6a35-424b-9d5d-4f90e8bbd104,SPY   261008P00762000
2026-10-08T14:30:00Z,lp,762,put,0.020000,0.020000,0.020000,0.020000,True,86570d39-6a35-424b-9d5d-4f90e8bbd104,SPY   261008P00762000
2026-10-08T14:35:00Z,lp,762,put,0.020000,0.020000,0.020000,0.020000,False,86570d39-6a35-424b-9d5d-4f90e8bbd104,SPY   261008P00762000
2026-10-08T14:40:00Z,lp,762,put,0.020000,0.020000,0.020000,0.020000,False,86570d39-6a35-424b-9d5d-4f90e8bbd104,SPY   261008P00762000
2026-10-08T14:45:00Z,lp,762,put,0.020000,0.020000,0.020000,0.020000,False,86570d39-6a35-424b-9d5d-4f90e8bbd104,SPY   261008P00762000
2026-10-08T14:50:00Z,lp,762,put,0.020000,0.020000,0.020000,0.020000,False,86570d39-6a35-424b-9d5d-4f90e8bbd104,SPY   261008P00762000
2026-10-08T14:55:00Z,lp,762,put,0.020000,0.020000,0.020000,0.020000,False,86570d39-6a35-424b-9d5d-4f90e8bbd104,SPY   261008P00762000
2026-10-08T15:00:00Z,lp,762,put,0.020000,0.020000,0.020000,0.020000,False,86570d39-6a35-424b-9d5d-4f90e8bbd104,SPY   261008P00762000
2026-10-08T15:05:00Z,lp,762,put,0.020000,0.020000,0.020000,0.020000,False,86570d39-6a35-424b-9d5d-4f90e8bbd104,SPY   261008P00762000
2026-10-08T15:10:00Z,lp,762,put,0.020000,0.020000,0.020000,0.020000,False,86570d39-6a35-424b-9d5d-4f90e8bbd104,SPY   261008P00762000
2026-10-08T15:15:00Z,lp,762,put,0.020000,0.020000,0.020000,0.020000,False,86570d39-6a35-424b-9d5d-4f90e8bbd104,SPY   261008P00762000
2026-10-08T15:20:00Z,lp,762,put,0.020000,0.020000,0.020000,0.020000,False,86570d39-6a35-424b-9d5d-4f90e8bbd104,SPY   261008P00762000
2026-10-08T15:25:00Z,lp,762,put,0.020000,0.020000,0.020000,0.020000,False,86570d39-6a35-424b-9d5d-4f90e8bbd104,SPY   261008P00762000
2026-10-08T15:30:00Z,lp,762,put,0.020000,0.020000,0.020000,0.020000,False,86570d39-6a35-424b-9d5d-4f90e8bbd104,SPY   261008P00762000
2026-10-08T15:35:00Z,lp,762,put,0.020000,0.020000,0.020000,0.020000,False,86570d39-6a35-424b-9d5d-4f90e8bbd104,SPY   261008P00762000
2026-10-08T15:40:00Z,lp,762,put,0.020000,0.020000,0.020000,0.020000,False,86570d39-6a35-424b-9d5d-4f90e8bbd104,SPY   261008P00762000
2026-10-08T15:45:00Z,lp,762,put,0.020000,0.020000,0.020000,0.020000,False,86570d39-6a35-424b-9d5d-4f90e8bbd104,SPY   261008P00762000
2026-10-08T15:50:00Z,lp,762,put,0.020000,0.020000,0.020000,0.020000,False,86570d39-6a35-424b-9d5d-4f90e8bbd104,SPY   261008P00762000
2026-10-08T15:55:00Z,lp,762,put,0.020000,0.020000,0.020000,0.020000,False,86570d39-6a35-424b-9d5d-4f90e8bbd104,SPY   261008P00762000
2026-10-08T16:00:00Z,lp,762,put,0.020000,0.020000,0.020000,0.020000,False,86570d39-6a35-424b-9d5d-4f90e8bbd104,SPY   261008P00762000
2026-10-08T16:05:00Z,lp,762,put,0.020000,0.020000,0.020000,0.020000,False,86570d39-6a35-424b-9d5d-4f90e8bbd104,SPY   261008P00762000
2026-10-08T16:10:00Z,lp,762,put,0.020000,0.020000,0.020000,0.020000,False,86570d39-6a35-424b-9d5d-4f90e8bbd104,SPY   261008P00762000
2026-10-08T16:15:00Z,lp,762,put,0.020000,0.020000,0.020000,0.020000,False,86570d39-6a35-424b-9d5d-4f90e8bbd104,SPY   261008P00762000
2026-10-08T16:20:00Z,lp,762,put,0.020000,0.020000,0.020000,0.020000,False,86570d39-6a35-424b-9d5d-4f90e8bbd104,SPY   261008P00762000
2026-10-08T16:25:00Z,lp,762,put,0.020000,0.020000,0.020000,0.020000,False,86570d39-6a35-424b-9d5d-4f90e8bbd104,SPY   261008P00762000
2026-10-08T16:30:00Z,lp,762,put,0.020000,0.020000,0.020000,0.020000,False,86570d39-6a35-424b-9d5d-4f90e8bbd104,SPY   261008P00762000
2026-10-08T16:35:00Z,lp,762,put,0.020000,0.020000,0.020000,0.020000,False,86570d39-6a35-424b-9d5d-4f90e8bbd104,SPY   261008P00762000
2026-10-08T16:40:00Z,lp,762,put,0.020000,0.020000,0.020000,0.020000,False,86570d39-6a35-424b-9d5d-4f90e8bbd104,SPY   261008P00762000
2026-10-08T16:45:00Z,lp,762,put,0.020000,0.020000,0.020000,0.020000,False,86570d39-6a35-424b-9d5d-4f90e8bbd104,SPY   261008P00762000
2026-10-08T16:50:00Z,lp,762,put,0.020000,0.020000,0.020000,0.020000,False,86570d39-6a35-424b-9d5d-4f90e8bbd104,SPY   261008P00762000
2026-10-08T16:55:00Z,lp,762,put,0.020000,0.020000,0.020000,0.020000,False,86570d39-6a35-424b-9d5d-4f90e8bbd104,SPY   261008P00762000
2026-10-08T17:00:00Z,lp,762,put,0.020000,0.030000,0.020000,0.030000,False,86570d39-6a35-424b-9d5d-4f90e8bbd104,SPY   261008P00762000
2026-10-08T17:05:00Z,lp,762,put,0.030000,0.030000,0.030000,0.030000,False,86570d39-6a35-424b-9d5d-4f90e8bbd104,SPY   261008P00762000
2026-10-08T17:10:00Z,lp,762,put,0.030000,0.030000,0.030000,0.030000,False,86570d39-6a35-424b-9d5d-4f90e8bbd104,SPY   261008P00762000
2026-10-08T17:15:00Z,lp,762,put,0.030000,0.030000,0.030000,0.030000,False,86570d39-6a35-424b-9d5d-4f90e8bbd104,SPY   261008P00762000
2026-10-08T17:20:00Z,lp,762,put,0.030000,0.030000,0.030000,0.030000,False,86570d39-6a35-424b-9d5d-4f90e8bbd104,SPY   261008P00762000
2026-10-08T17:25:00Z,lp,762,put,0.030000,0.060000,0.030000,0.050000,False,86570d39-6a35-424b-9d5d-4f90e8bbd104,SPY   261008P00762000
2026-10-08T17:30:00Z,lp,762,put,0.050000,0.050000,0.040000,0.040000,False,86570d39-6a35-424b-9d5d-4f90e8bbd104,SPY   261008P00762000
2026-10-08T17:35:00Z,lp,762,put,0.040000,0.040000,0.030000,0.030000,False,86570d39-6a35-424b-9d5d-4f90e8bbd104,SPY   261008P00762000
2026-10-08T17:40:00Z,lp,762,put,0.030000,0.030000,0.030000,0.030000,False,86570d39-6a35-424b-9d5d-4f90e8bbd104,SPY   261008P00762000
2026-10-08T17:45:00Z,lp,762,put,0.030000,0.030000,0.030000,0.030000,False,86570d39-6a35-424b-9d5d-4f90e8bbd104,SPY   261008P00762000
2026-10-08T17:50:00Z,lp,762,put,0.030000,0.030000,0.030000,0.030000,False,86570d39-6a35-424b-9d5d-4f90e8bbd104,SPY   261008P00762000
2026-10-08T17:55:00Z,lp,762,put,0.030000,0.030000,0.030000,0.030000,False,86570d39-6a35-424b-9d5d-4f90e8bbd104,SPY   261008P00762000
2026-10-08T18:00:00Z,lp,762,put,0.030000,0.030000,0.030000,0.030000,False,86570d39-6a35-424b-9d5d-4f90e8bbd104,SPY   261008P00762000
2026-10-08T18:05:00Z,lp,762,put,0.030000,0.030000,0.030000,0.030000,False,86570d39-6a35-424b-9d5d-4f90e8bbd104,SPY   261008P00762000
2026-10-08T18:10:00Z,lp,762,put,0.030000,0.030000,0.020000,0.020000,False,86570d39-6a35-424b-9d5d-4f90e8bbd104,SPY   261008P00762000
2026-10-08T18:15:00Z,lp,762,put,0.020000,0.020000,0.020000,0.020000,False,86570d39-6a35-424b-9d5d-4f90e8bbd104,SPY   261008P00762000
2026-10-08T18:20:00Z,lp,762,put,0.020000,0.020000,0.020000,0.020000,False,86570d39-6a35-424b-9d5d-4f90e8bbd104,SPY   261008P00762000
2026-10-08T18:25:00Z,lp,762,put,0.020000,0.020000,0.020000,0.020000,False,86570d39-6a35-424b-9d5d-4f90e8bbd104,SPY   261008P00762000
2026-10-08T18:30:00Z,lp,762,put,0.020000,0.020000,0.020000,0.020000,False,86570d39-6a35-424b-9d5d-4f90e8bbd104,SPY   261008P00762000
2026-10-08T18:35:00Z,lp,762,put,0.020000,0.020000,0.020000,0.020000,False,86570d39-6a35-424b-9d5d-4f90e8bbd104,SPY   261008P00762000
2026-10-08T18:40:00Z,lp,762,put,0.020000,0.020000,0.020000,0.020000,False,86570d39-6a35-424b-9d5d-4f90e8bbd104,SPY   261008P00762000
2026-10-08T18:45:00Z,lp,762,put,0.020000,0.020000,0.020000,0.020000,False,86570d39-6a35-424b-9d5d-4f90e8bbd104,SPY   261008P00762000
2026-10-08T18:50:00Z,lp,762,put,0.020000,0.020000,0.020000,0.020000,False,86570d39-6a35-424b-9d5d-4f90e8bbd104,SPY   261008P00762000
2026-10-08T18:55:00Z,lp,762,put,0.020000,0.020000,0.020000,0.020000,False,86570d39-6a35-424b-9d5d-4f90e8bbd104,SPY   261008P00762000
2026-10-08T19:00:00Z,lp,762,put,0.020000,0.020000,0.020000,0.020000,False,86570d39-6a35-424b-9d5d-4f90e8bbd104,SPY   261008P00762000
2026-10-08T19:05:00Z,lp,762,put,0.020000,0.020000,0.020000,0.020000,False,86570d39-6a35-424b-9d5d-4f90e8bbd104,SPY   261008P00762000
2026-10-08T19:10:00Z,lp,762,put,0.020000,0.020000,0.020000,0.020000,False,86570d39-6a35-424b-9d5d-4f90e8bbd104,SPY   261008P00762000
2026-10-08T19:15:00Z,lp,762,put,0.020000,0.020000,0.020000,0.020000,False,86570d39-6a35-424b-9d5d-4f90e8bbd104,SPY   261008P00762000
2026-10-08T19:20:00Z,lp,762,put,0.020000,0.020000,0.010000,0.010000,False,86570d39-6a35-424b-9d5d-4f90e8bbd104,SPY   261008P00762000
2026-10-08T19:25:00Z,lp,762,put,0.010000,0.010000,0.010000,0.010000,False,86570d39-6a35-424b-9d5d-4f90e8bbd104,SPY   261008P00762000
2026-10-08T19:30:00Z,lp,762,put,0.010000,0.010000,0.010000,0.010000,False,86570d39-6a35-424b-9d5d-4f90e8bbd104,SPY   261008P00762000
2026-10-08T19:35:00Z,lp,762,put,0.010000,0.010000,0.010000,0.010000,False,86570d39-6a35-424b-9d5d-4f90e8bbd104,SPY   261008P00762000
2026-10-08T19:40:00Z,lp,762,put,0.010000,0.010000,0.010000,0.010000,False,86570d39-6a35-424b-9d5d-4f90e8bbd104,SPY   261008P00762000
2026-10-08T19:45:00Z,lp,762,put,0.010000,0.010000,0.010000,0.010000,False,86570d39-6a35-424b-9d5d-4f90e8bbd104,SPY   261008P00762000
2026-10-08T19:50:00Z,lp,762,put,0.010000,0.010000,0.010000,0.010000,False,86570d39-6a35-424b-9d5d-4f90e8bbd104,SPY   261008P00762000
2026-10-08T19:55:00Z,lp,762,put,0.010000,0.010000,0.010000,0.010000,False,86570d39-6a35-424b-9d5d-4f90e8bbd104,SPY   261008P00762000
2026-10-08T13:30:00Z,sc,783,call,0.040000,0.040000,0.040000,0.040000,False,abc7e829-57cc-4b18-bb94-6bce9544f105,SPY   261008C00783000
2026-10-08T13:35:00Z,sc,783,call,0.040000,0.040000,0.040000,0.040000,False,abc7e829-57cc-4b18-bb94-6bce9544f105,SPY   261008C00783000
2026-10-08T13:40:00Z,sc,783,call,0.040000,0.040000,0.030000,0.030000,False,abc7e829-57cc-4b18-bb94-6bce9544f105,SPY   261008C00783000
2026-10-08T13:45:00Z,sc,783,call,0.030000,0.030000,0.030000,0.030000,False,abc7e829-57cc-4b18-bb94-6bce9544f105,SPY   261008C00783000
2026-10-08T13:50:00Z,sc,783,call,0.030000,0.040000,0.030000,0.040000,False,abc7e829-57cc-4b18-bb94-6bce9544f105,SPY   261008C00783000
2026-10-08T13:55:00Z,sc,783,call,0.040000,0.040000,0.040000,0.040000,False,abc7e829-57cc-4b18-bb94-6bce9544f105,SPY   261008C00783000
2026-10-08T14:00:00Z,sc,783,call,0.040000,0.040000,0.030000,0.030000,False,abc7e829-57cc-4b18-bb94-6bce9544f105,SPY   261008C00783000
2026-10-08T14:05:00Z,sc,783,call,0.030000,0.030000,0.030000,0.030000,False,abc7e829-57cc-4b18-bb94-6bce9544f105,SPY   261008C00783000
2026-10-08T14:10:00Z,sc,783,call,0.030000,0.030000,0.030000,0.030000,False,abc7e829-57cc-4b18-bb94-6bce9544f105,SPY   261008C00783000
2026-10-08T14:15:00Z,sc,783,call,0.030000,0.030000,0.030000,0.030000,False,abc7e829-57cc-4b18-bb94-6bce9544f105,SPY   261008C00783000
2026-10-08T14:20:00Z,sc,783,call,0.030000,0.030000,0.030000,0.030000,False,abc7e829-57cc-4b18-bb94-6bce9544f105,SPY   261008C00783000
2026-10-08T14:25:00Z,sc,783,call,0.030000,0.030000,0.030000,0.030000,False,abc7e829-57cc-4b18-bb94-6bce9544f105,SPY   261008C00783000
2026-10-08T14:30:00Z,sc,783,call,0.030000,0.030000,0.030000,0.030000,False,abc7e829-57cc-4b18-bb94-6bce9544f105,SPY   261008C00783000
2026-10-08T14:35:00Z,sc,783,call,0.030000,0.030000,0.030000,0.030000,False,abc7e829-57cc-4b18-bb94-6bce9544f105,SPY   261008C00783000
2026-10-08T14:40:00Z,sc,783,call,0.030000,0.030000,0.030000,0.030000,False,abc7e829-57cc-4b18-bb94-6bce9544f105,SPY   261008C00783000
2026-10-08T14:45:00Z,sc,783,call,0.030000,0.030000,0.030000,0.030000,False,abc7e829-57cc-4b18-bb94-6bce9544f105,SPY   261008C00783000
2026-10-08T14:50:00Z,sc,783,call,0.030000,0.030000,0.030000,0.030000,False,abc7e829-57cc-4b18-bb94-6bce9544f105,SPY   261008C00783000
2026-10-08T14:55:00Z,sc,783,call,0.030000,0.030000,0.030000,0.030000,False,abc7e829-57cc-4b18-bb94-6bce9544f105,SPY   261008C00783000
2026-10-08T15:00:00Z,sc,783,call,0.030000,0.030000,0.030000,0.030000,False,abc7e829-57cc-4b18-bb94-6bce9544f105,SPY   261008C00783000
2026-10-08T15:05:00Z,sc,783,call,0.030000,0.030000,0.030000,0.030000,False,abc7e829-57cc-4b18-bb94-6bce9544f105,SPY   261008C00783000
2026-10-08T15:10:00Z,sc,783,call,0.030000,0.030000,0.030000,0.030000,False,abc7e829-57cc-4b18-bb94-6bce9544f105,SPY   261008C00783000
2026-10-08T15:15:00Z,sc,783,call,0.030000,0.030000,0.030000,0.030000,False,abc7e829-57cc-4b18-bb94-6bce9544f105,SPY   261008C00783000
2026-10-08T15:20:00Z,sc,783,call,0.030000,0.030000,0.020000,0.020000,False,abc7e829-57cc-4b18-bb94-6bce9544f105,SPY   261008C00783000
2026-10-08T15:25:00Z,sc,783,call,0.020000,0.020000,0.020000,0.020000,False,abc7e829-57cc-4b18-bb94-6bce9544f105,SPY   261008C00783000
2026-10-08T15:30:00Z,sc,783,call,0.020000,0.020000,0.020000,0.020000,False,abc7e829-57cc-4b18-bb94-6bce9544f105,SPY   261008C00783000
2026-10-08T15:35:00Z,sc,783,call,0.020000,0.020000,0.020000,0.020000,False,abc7e829-57cc-4b18-bb94-6bce9544f105,SPY   261008C00783000
2026-10-08T15:40:00Z,sc,783,call,0.020000,0.020000,0.020000,0.020000,False,abc7e829-57cc-4b18-bb94-6bce9544f105,SPY   261008C00783000
2026-10-08T15:45:00Z,sc,783,call,0.020000,0.020000,0.020000,0.020000,False,abc7e829-57cc-4b18-bb94-6bce9544f105,SPY   261008C00783000
2026-10-08T15:50:00Z,sc,783,call,0.020000,0.020000,0.020000,0.020000,False,abc7e829-57cc-4b18-bb94-6bce9544f105,SPY   261008C00783000
2026-10-08T15:55:00Z,sc,783,call,0.020000,0.020000,0.020000,0.020000,True,abc7e829-57cc-4b18-bb94-6bce9544f105,SPY   261008C00783000
2026-10-08T16:00:00Z,sc,783,call,0.020000,0.020000,0.020000,0.020000,False,abc7e829-57cc-4b18-bb94-6bce9544f105,SPY   261008C00783000
2026-10-08T16:05:00Z,sc,783,call,0.020000,0.020000,0.020000,0.020000,False,abc7e829-57cc-4b18-bb94-6bce9544f105,SPY   261008C00783000
2026-10-08T16:10:00Z,sc,783,call,0.020000,0.020000,0.020000,0.020000,False,abc7e829-57cc-4b18-bb94-6bce9544f105,SPY   261008C00783000
2026-10-08T16:15:00Z,sc,783,call,0.020000,0.080000,0.020000,0.020000,False,abc7e829-57cc-4b18-bb94-6bce9544f105,SPY   261008C00783000
2026-10-08T16:20:00Z,sc,783,call,0.020000,0.020000,0.020000,0.020000,False,abc7e829-57cc-4b18-bb94-6bce9544f105,SPY   261008C00783000
2026-10-08T16:25:00Z,sc,783,call,0.020000,0.020000,0.020000,0.020000,False,abc7e829-57cc-4b18-bb94-6bce9544f105,SPY   261008C00783000
2026-10-08T16:30:00Z,sc,783,call,0.020000,0.020000,0.020000,0.020000,False,abc7e829-57cc-4b18-bb94-6bce9544f105,SPY   261008C00783000
2026-10-08T16:35:00Z,sc,783,call,0.020000,0.020000,0.020000,0.020000,False,abc7e829-57cc-4b18-bb94-6bce9544f105,SPY   261008C00783000
2026-10-08T16:40:00Z,sc,783,call,0.020000,0.020000,0.020000,0.020000,False,abc7e829-57cc-4b18-bb94-6bce9544f105,SPY   261008C00783000
2026-10-08T16:45:00Z,sc,783,call,0.020000,0.020000,0.020000,0.020000,False,abc7e829-57cc-4b18-bb94-6bce9544f105,SPY   261008C00783000
2026-10-08T16:50:00Z,sc,783,call,0.020000,0.020000,0.020000,0.020000,False,abc7e829-57cc-4b18-bb94-6bce9544f105,SPY   261008C00783000
2026-10-08T16:55:00Z,sc,783,call,0.020000,0.020000,0.020000,0.020000,False,abc7e829-57cc-4b18-bb94-6bce9544f105,SPY   261008C00783000
2026-10-08T17:00:00Z,sc,783,call,0.020000,0.020000,0.020000,0.020000,False,abc7e829-57cc-4b18-bb94-6bce9544f105,SPY   261008C00783000
2026-10-08T17:05:00Z,sc,783,call,0.020000,0.020000,0.020000,0.020000,False,abc7e829-57cc-4b18-bb94-6bce9544f105,SPY   261008C00783000
2026-10-08T17:10:00Z,sc,783,call,0.020000,0.020000,0.020000,0.020000,False,abc7e829-57cc-4b18-bb94-6bce9544f105,SPY   261008C00783000
2026-10-08T17:15:00Z,sc,783,call,0.020000,0.020000,0.020000,0.020000,False,abc7e829-57cc-4b18-bb94-6bce9544f105,SPY   261008C00783000
2026-10-08T17:20:00Z,sc,783,call,0.020000,0.020000,0.020000,0.020000,False,abc7e829-57cc-4b18-bb94-6bce9544f105,SPY   261008C00783000
2026-10-08T17:25:00Z,sc,783,call,0.020000,0.020000,0.020000,0.020000,False,abc7e829-57cc-4b18-bb94-6bce9544f105,SPY   261008C00783000
2026-10-08T17:30:00Z,sc,783,call,0.020000,0.020000,0.020000,0.020000,False,abc7e829-57cc-4b18-bb94-6bce9544f105,SPY   261008C00783000
2026-10-08T17:35:00Z,sc,783,call,0.020000,0.020000,0.020000,0.020000,False,abc7e829-57cc-4b18-bb94-6bce9544f105,SPY   261008C00783000
2026-10-08T17:40:00Z,sc,783,call,0.020000,0.020000,0.020000,0.020000,False,abc7e829-57cc-4b18-bb94-6bce9544f105,SPY   261008C00783000
2026-10-08T17:45:00Z,sc,783,call,0.020000,0.020000,0.020000,0.020000,False,abc7e829-57cc-4b18-bb94-6bce9544f105,SPY   261008C00783000
2026-10-08T17:50:00Z,sc,783,call,0.020000,0.020000,0.020000,0.020000,False,abc7e829-57cc-4b18-bb94-6bce9544f105,SPY   261008C00783000
2026-10-08T17:55:00Z,sc,783,call,0.020000,0.020000,0.020000,0.020000,False,abc7e829-57cc-4b18-bb94-6bce9544f105,SPY   261008C00783000
2026-10-08T18:00:00Z,sc,783,call,0.020000,0.020000,0.020000,0.020000,False,abc7e829-57cc-4b18-bb94-6bce9544f105,SPY   261008C00783000
2026-10-08T18:05:00Z,sc,783,call,0.020000,0.020000,0.020000,0.020000,False,abc7e829-57cc-4b18-bb94-6bce9544f105,SPY   261008C00783000
2026-10-08T18:10:00Z,sc,783,call,0.020000,0.020000,0.020000,0.020000,False,abc7e829-57cc-4b18-bb94-6bce9544f105,SPY   261008C00783000
2026-10-08T18:15:00Z,sc,783,call,0.020000,0.020000,0.020000,0.020000,False,abc7e829-57cc-4b18-bb94-6bce9544f105,SPY   261008C00783000
2026-10-08T18:20:00Z,sc,783,call,0.020000,0.020000,0.020000,0.020000,False,abc7e829-57cc-4b18-bb94-6bce9544f105,SPY   261008C00783000
2026-10-08T18:25:00Z,sc,783,call,0.020000,0.020000,0.020000,0.020000,False,abc7e829-57cc-4b18-bb94-6bce9544f105,SPY   261008C00783000
2026-10-08T18:30:00Z,sc,783,call,0.020000,0.020000,0.020000,0.020000,False,abc7e829-57cc-4b18-bb94-6bce9544f105,SPY   261008C00783000
2026-10-08T18:35:00Z,sc,783,call,0.020000,0.020000,0.020000,0.020000,False,abc7e829-57cc-4b18-bb94-6bce9544f105,SPY   261008C00783000
2026-10-08T18:40:00Z,sc,783,call,0.020000,0.020000,0.020000,0.020000,False,abc7e829-57cc-4b18-bb94-6bce9544f105,SPY   261008C00783000
2026-10-08T18:45:00Z,sc,783,call,0.020000,0.020000,0.020000,0.020000,False,abc7e829-57cc-4b18-bb94-6bce9544f105,SPY   261008C00783000
2026-10-08T18:50:00Z,sc,783,call,0.020000,0.020000,0.020000,0.020000,False,abc7e829-57cc-4b18-bb94-6bce9544f105,SPY   261008C00783000
2026-10-08T18:55:00Z,sc,783,call,0.020000,0.020000,0.020000,0.020000,False,abc7e829-57cc-4b18-bb94-6bce9544f105,SPY   261008C00783000
2026-10-08T19:00:00Z,sc,783,call,0.020000,0.020000,0.020000,0.020000,False,abc7e829-57cc-4b18-bb94-6bce9544f105,SPY   261008C00783000
2026-10-08T19:05:00Z,sc,783,call,0.020000,0.020000,0.020000,0.020000,False,abc7e829-57cc-4b18-bb94-6bce9544f105,SPY   261008C00783000
2026-10-08T19:10:00Z,sc,783,call,0.020000,0.020000,0.020000,0.020000,False,abc7e829-57cc-4b18-bb94-6bce9544f105,SPY   261008C00783000
2026-10-08T19:15:00Z,sc,783,call,0.020000,0.020000,0.020000,0.020000,False,abc7e829-57cc-4b18-bb94-6bce9544f105,SPY   261008C00783000
2026-10-08T19:20:00Z,sc,783,call,0.020000,0.020000,0.020000,0.020000,False,abc7e829-57cc-4b18-bb94-6bce9544f105,SPY   261008C00783000
2026-10-08T19:25:00Z,sc,783,call,0.020000,0.020000,0.010000,0.010000,False,abc7e829-57cc-4b18-bb94-6bce9544f105,SPY   261008C00783000
2026-10-08T19:30:00Z,sc,783,call,0.010000,0.010000,0.010000,0.010000,False,abc7e829-57cc-4b18-bb94-6bce9544f105,SPY   261008C00783000
2026-10-08T19:35:00Z,sc,783,call,0.010000,0.010000,0.010000,0.010000,False,abc7e829-57cc-4b18-bb94-6bce9544f105,SPY   261008C00783000
2026-10-08T19:40:00Z,sc,783,call,0.010000,0.010000,0.010000,0.010000,False,abc7e829-57cc-4b18-bb94-6bce9544f105,SPY   261008C00783000
2026-10-08T19:45:00Z,sc,783,call,0.010000,0.010000,0.010000,0.010000,False,abc7e829-57cc-4b18-bb94-6bce9544f105,SPY   261008C00783000
2026-10-08T19:50:00Z,sc,783,call,0.010000,0.010000,0.010000,0.010000,False,abc7e829-57cc-4b18-bb94-6bce9544f105,SPY   261008C00783000
2026-10-08T19:55:00Z,sc,783,call,0.010000,0.010000,0.010000,0.010000,False,abc7e829-57cc-4b18-bb94-6bce9544f105,SPY   261008C00783000
2026-10-08T13:30:00Z,lc,786,call,0.020000,0.020000,0.020000,0.020000,False,dbf3c401-06db-4398-8c19-d62bee032b19,SPY   261008C00786000
2026-10-08T13:35:00Z,lc,786,call,0.020000,0.020000,0.020000,0.020000,False,dbf3c401-06db-4398-8c19-d62bee032b19,SPY   261008C00786000
2026-10-08T13:40:00Z,lc,786,call,0.020000,0.020000,0.020000,0.020000,False,dbf3c401-06db-4398-8c19-d62bee032b19,SPY   261008C00786000
2026-10-08T13:45:00Z,lc,786,call,0.020000,0.020000,0.020000,0.020000,False,dbf3c401-06db-4398-8c19-d62bee032b19,SPY   261008C00786000
2026-10-08T13:50:00Z,lc,786,call,0.020000,0.020000,0.020000,0.020000,False,dbf3c401-06db-4398-8c19-d62bee032b19,SPY   261008C00786000
2026-10-08T13:55:00Z,lc,786,call,0.020000,0.020000,0.020000,0.020000,False,dbf3c401-06db-4398-8c19-d62bee032b19,SPY   261008C00786000
2026-10-08T14:00:00Z,lc,786,call,0.020000,0.020000,0.020000,0.020000,False,dbf3c401-06db-4398-8c19-d62bee032b19,SPY   261008C00786000
2026-10-08T14:05:00Z,lc,786,call,0.020000,0.020000,0.020000,0.020000,False,dbf3c401-06db-4398-8c19-d62bee032b19,SPY   261008C00786000
2026-10-08T14:10:00Z,lc,786,call,0.020000,0.020000,0.020000,0.020000,False,dbf3c401-06db-4398-8c19-d62bee032b19,SPY   261008C00786000
2026-10-08T14:15:00Z,lc,786,call,0.020000,0.020000,0.020000,0.020000,False,dbf3c401-06db-4398-8c19-d62bee032b19,SPY   261008C00786000
2026-10-08T14:20:00Z,lc,786,call,0.020000,0.020000,0.020000,0.020000,False,dbf3c401-06db-4398-8c19-d62bee032b19,SPY   261008C00786000
2026-10-08T14:25:00Z,lc,786,call,0.020000,0.020000,0.020000,0.020000,False,dbf3c401-06db-4398-8c19-d62bee032b19,SPY   261008C00786000
2026-10-08T14:30:00Z,lc,786,call,0.020000,0.020000,0.020000,0.020000,True,dbf3c401-06db-4398-8c19-d62bee032b19,SPY   261008C00786000
2026-10-08T14:35:00Z,lc,786,call,0.020000,0.020000,0.020000,0.020000,False,dbf3c401-06db-4398-8c19-d62bee032b19,SPY   261008C00786000
2026-10-08T14:40:00Z,lc,786,call,0.020000,0.020000,0.020000,0.020000,False,dbf3c401-06db-4398-8c19-d62bee032b19,SPY   261008C00786000
2026-10-08T14:45:00Z,lc,786,call,0.020000,0.020000,0.020000,0.020000,False,dbf3c401-06db-4398-8c19-d62bee032b19,SPY   261008C00786000
2026-10-08T14:50:00Z,lc,786,call,0.020000,0.020000,0.020000,0.020000,False,dbf3c401-06db-4398-8c19-d62bee032b19,SPY   261008C00786000
2026-10-08T14:55:00Z,lc,786,call,0.020000,0.020000,0.020000,0.020000,False,dbf3c401-06db-4398-8c19-d62bee032b19,SPY   261008C00786000
2026-10-08T15:00:00Z,lc,786,call,0.020000,0.020000,0.020000,0.020000,False,dbf3c401-06db-4398-8c19-d62bee032b19,SPY   261008C00786000
2026-10-08T15:05:00Z,lc,786,call,0.020000,0.020000,0.020000,0.020000,False,dbf3c401-06db-4398-8c19-d62bee032b19,SPY   261008C00786000
2026-10-08T15:10:00Z,lc,786,call,0.020000,0.020000,0.020000,0.020000,False,dbf3c401-06db-4398-8c19-d62bee032b19,SPY   261008C00786000
2026-10-08T15:15:00Z,lc,786,call,0.020000,0.020000,0.020000,0.020000,False,dbf3c401-06db-4398-8c19-d62bee032b19,SPY   261008C00786000
2026-10-08T15:20:00Z,lc,786,call,0.020000,0.020000,0.020000,0.020000,False,dbf3c401-06db-4398-8c19-d62bee032b19,SPY   261008C00786000
2026-10-08T15:25:00Z,lc,786,call,0.020000,0.020000,0.020000,0.020000,False,dbf3c401-06db-4398-8c19-d62bee032b19,SPY   261008C00786000
2026-10-08T15:30:00Z,lc,786,call,0.020000,0.020000,0.020000,0.020000,False,dbf3c401-06db-4398-8c19-d62bee032b19,SPY   261008C00786000
2026-10-08T15:35:00Z,lc,786,call,0.020000,0.020000,0.020000,0.020000,False,dbf3c401-06db-4398-8c19-d62bee032b19,SPY   261008C00786000
2026-10-08T15:40:00Z,lc,786,call,0.020000,0.020000,0.020000,0.020000,False,dbf3c401-06db-4398-8c19-d62bee032b19,SPY   261008C00786000
2026-10-08T15:45:00Z,lc,786,call,0.020000,0.020000,0.020000,0.020000,False,dbf3c401-06db-4398-8c19-d62bee032b19,SPY   261008C00786000
2026-10-08T15:50:00Z,lc,786,call,0.020000,0.020000,0.020000,0.020000,False,dbf3c401-06db-4398-8c19-d62bee032b19,SPY   261008C00786000
2026-10-08T15:55:00Z,lc,786,call,0.020000,0.020000,0.020000,0.020000,False,dbf3c401-06db-4398-8c19-d62bee032b19,SPY   261008C00786000
2026-10-08T16:00:00Z,lc,786,call,0.020000,0.020000,0.020000,0.020000,False,dbf3c401-06db-4398-8c19-d62bee032b19,SPY   261008C00786000
2026-10-08T16:05:00Z,lc,786,call,0.020000,0.020000,0.020000,0.020000,False,dbf3c401-06db-4398-8c19-d62bee032b19,SPY   261008C00786000
2026-10-08T16:10:00Z,lc,786,call,0.020000,0.020000,0.020000,0.020000,False,dbf3c401-06db-4398-8c19-d62bee032b19,SPY   261008C00786000
2026-10-08T16:15:00Z,lc,786,call,0.020000,0.030000,0.020000,0.020000,False,dbf3c401-06db-4398-8c19-d62bee032b19,SPY   261008C00786000
2026-10-08T16:20:00Z,lc,786,call,0.020000,0.020000,0.020000,0.020000,False,dbf3c401-06db-4398-8c19-d62bee032b19,SPY   261008C00786000
2026-10-08T16:25:00Z,lc,786,call,0.020000,0.020000,0.020000,0.020000,False,dbf3c401-06db-4398-8c19-d62bee032b19,SPY   261008C00786000
2026-10-08T16:30:00Z,lc,786,call,0.020000,0.020000,0.020000,0.020000,False,dbf3c401-06db-4398-8c19-d62bee032b19,SPY   261008C00786000
2026-10-08T16:35:00Z,lc,786,call,0.020000,0.020000,0.020000,0.020000,False,dbf3c401-06db-4398-8c19-d62bee032b19,SPY   261008C00786000
2026-10-08T16:40:00Z,lc,786,call,0.020000,0.020000,0.020000,0.020000,False,dbf3c401-06db-4398-8c19-d62bee032b19,SPY   261008C00786000
2026-10-08T16:45:00Z,lc,786,call,0.020000,0.020000,0.020000,0.020000,False,dbf3c401-06db-4398-8c19-d62bee032b19,SPY   261008C00786000
2026-10-08T16:50:00Z,lc,786,call,0.020000,0.020000,0.020000,0.020000,False,dbf3c401-06db-4398-8c19-d62bee032b19,SPY   261008C00786000
2026-10-08T16:55:00Z,lc,786,call,0.020000,0.020000,0.020000,0.020000,False,dbf3c401-06db-4398-8c19-d62bee032b19,SPY   261008C00786000
2026-10-08T17:00:00Z,lc,786,call,0.020000,0.020000,0.020000,0.020000,False,dbf3c401-06db-4398-8c19-d62bee032b19,SPY   261008C00786000
2026-10-08T17:05:00Z,lc,786,call,0.020000,0.020000,0.020000,0.020000,False,dbf3c401-06db-4398-8c19-d62bee032b19,SPY   261008C00786000
2026-10-08T17:10:00Z,lc,786,call,0.020000,0.020000,0.020000,0.020000,False,dbf3c401-06db-4398-8c19-d62bee032b19,SPY   261008C00786000
2026-10-08T17:15:00Z,lc,786,call,0.020000,0.020000,0.020000,0.020000,False,dbf3c401-06db-4398-8c19-d62bee032b19,SPY   261008C00786000
2026-10-08T17:20:00Z,lc,786,call,0.020000,0.020000,0.020000,0.020000,False,dbf3c401-06db-4398-8c19-d62bee032b19,SPY   261008C00786000
2026-10-08T17:25:00Z,lc,786,call,0.020000,0.020000,0.020000,0.020000,False,dbf3c401-06db-4398-8c19-d62bee032b19,SPY   261008C00786000
2026-10-08T17:30:00Z,lc,786,call,0.020000,0.020000,0.020000,0.020000,False,dbf3c401-06db-4398-8c19-d62bee032b19,SPY   261008C00786000
2026-10-08T17:35:00Z,lc,786,call,0.020000,0.020000,0.020000,0.020000,False,dbf3c401-06db-4398-8c19-d62bee032b19,SPY   261008C00786000
2026-10-08T17:40:00Z,lc,786,call,0.020000,0.020000,0.020000,0.020000,False,dbf3c401-06db-4398-8c19-d62bee032b19,SPY   261008C00786000
2026-10-08T17:45:00Z,lc,786,call,0.020000,0.020000,0.020000,0.020000,False,dbf3c401-06db-4398-8c19-d62bee032b19,SPY   261008C00786000
2026-10-08T17:50:00Z,lc,786,call,0.020000,0.020000,0.020000,0.020000,False,dbf3c401-06db-4398-8c19-d62bee032b19,SPY   261008C00786000
2026-10-08T17:55:00Z,lc,786,call,0.020000,0.020000,0.020000,0.020000,False,dbf3c401-06db-4398-8c19-d62bee032b19,SPY   261008C00786000
2026-10-08T18:00:00Z,lc,786,call,0.020000,0.020000,0.020000,0.020000,False,dbf3c401-06db-4398-8c19-d62bee032b19,SPY   261008C00786000
2026-10-08T18:05:00Z,lc,786,call,0.020000,0.020000,0.020000,0.020000,False,dbf3c401-06db-4398-8c19-d62bee032b19,SPY   261008C00786000
2026-10-08T18:10:00Z,lc,786,call,0.020000,0.020000,0.020000,0.020000,False,dbf3c401-06db-4398-8c19-d62bee032b19,SPY   261008C00786000
2026-10-08T18:15:00Z,lc,786,call,0.020000,0.020000,0.020000,0.020000,False,dbf3c401-06db-4398-8c19-d62bee032b19,SPY   261008C00786000
2026-10-08T18:20:00Z,lc,786,call,0.020000,0.020000,0.010000,0.010000,False,dbf3c401-06db-4398-8c19-d62bee032b19,SPY   261008C00786000
2026-10-08T18:25:00Z,lc,786,call,0.010000,0.010000,0.010000,0.010000,False,dbf3c401-06db-4398-8c19-d62bee032b19,SPY   261008C00786000
2026-10-08T18:30:00Z,lc,786,call,0.010000,0.010000,0.010000,0.010000,False,dbf3c401-06db-4398-8c19-d62bee032b19,SPY   261008C00786000
2026-10-08T18:35:00Z,lc,786,call,0.010000,0.010000,0.010000,0.010000,False,dbf3c401-06db-4398-8c19-d62bee032b19,SPY   261008C00786000
2026-10-08T18:40:00Z,lc,786,call,0.010000,0.010000,0.010000,0.010000,False,dbf3c401-06db-4398-8c19-d62bee032b19,SPY   261008C00786000
2026-10-08T18:45:00Z,lc,786,call,0.010000,0.010000,0.010000,0.010000,False,dbf3c401-06db-4398-8c19-d62bee032b19,SPY   261008C00786000
2026-10-08T18:50:00Z,lc,786,call,0.010000,0.010000,0.010000,0.010000,False,dbf3c401-06db-4398-8c19-d62bee032b19,SPY   261008C00786000
2026-10-08T18:55:00Z,lc,786,call,0.010000,0.010000,0.010000,0.010000,False,dbf3c401-06db-4398-8c19-d62bee032b19,SPY   261008C00786000
2026-10-08T19:00:00Z,lc,786,call,0.010000,0.010000,0.010000,0.010000,False,dbf3c401-06db-4398-8c19-d62bee032b19,SPY   261008C00786000
2026-10-08T19:05:00Z,lc,786,call,0.010000,0.010000,0.010000,0.010000,False,dbf3c401-06db-4398-8c19-d62bee032b19,SPY   261008C00786000
2026-10-08T19:10:00Z,lc,786,call,0.010000,0.010000,0.010000,0.010000,False,dbf3c401-06db-4398-8c19-d62bee032b19,SPY   261008C00786000
2026-10-08T19:15:00Z,lc,786,call,0.010000,0.010000,0.010000,0.010000,False,dbf3c401-06db-4398-8c19-d62bee032b19,SPY   261008C00786000
2026-10-08T19:20:00Z,lc,786,call,0.010000,0.010000,0.010000,0.010000,False,dbf3c401-06db-4398-8c19-d62bee032b19,SPY   261008C00786000
2026-10-08T19:25:00Z,lc,786,call,0.010000,0.010000,0.010000,0.010000,False,dbf3c401-06db-4398-8c19-d62bee032b19,SPY   261008C00786000
2026-10-08T19:30:00Z,lc,786,call,0.010000,0.010000,0.010000,0.010000,False,dbf3c401-06db-4398-8c19-d62bee032b19,SPY   261008C00786000
2026-10-08T19:35:00Z,lc,786,call,0.010000,0.010000,0.010000,0.010000,False,dbf3c401-06db-4398-8c19-d62bee032b19,SPY   261008C00786000
2026-10-08T19:40:00Z,lc,786,call,0.010000,0.010000,0.010000,0.010000,False,dbf3c401-06db-4398-8c19-d62bee032b19,SPY   261008C00786000
2026-10-08T19:45:00Z,lc,786,call,0.010000,0.010000,0.010000,0.010000,False,dbf3c401-06db-4398-8c19-d62bee032b19,SPY   261008C00786000
2026-10-08T19:50:00Z,lc,786,call,0.010000,0.010000,0.010000,0.010000,False,dbf3c401-06db-4398-8c19-d62bee032b19,SPY   261008C00786000
2026-10-08T19:55:00Z,lc,786,call,0.010000,0.010000,0.010000,0.010000,False,dbf3c401-06db-4398-8c19-d62bee032b19,SPY   261008C00786000
2026-10-08T13:30:00Z,atm_p,775,put,1.230000,1.230000,1.230000,1.230000,False,318f8f22-7629-49ac-b869-c0aee36ec1b3,SPY   261008P00775000
2026-10-08T13:35:00Z,atm_p,775,put,1.320000,1.480000,1.270000,1.310000,False,318f8f22-7629-49ac-b869-c0aee36ec1b3,SPY   261008P00775000
2026-10-08T13:40:00Z,atm_p,775,put,1.320000,1.530000,1.320000,1.410000,False,318f8f22-7629-49ac-b869-c0aee36ec1b3,SPY   261008P00775000
2026-10-08T13:45:00Z,atm_p,775,put,1.430000,1.430000,1.030000,1.040000,False,318f8f22-7629-49ac-b869-c0aee36ec1b3,SPY   261008P00775000
2026-10-08T13:50:00Z,atm_p,775,put,1.050000,1.280000,0.930000,1.270000,False,318f8f22-7629-49ac-b869-c0aee36ec1b3,SPY   261008P00775000
2026-10-08T13:55:00Z,atm_p,775,put,1.290000,1.300000,0.920000,1.070000,False,318f8f22-7629-49ac-b869-c0aee36ec1b3,SPY   261008P00775000
2026-10-08T14:00:00Z,atm_p,775,put,1.070000,1.110000,0.920000,0.930000,False,318f8f22-7629-49ac-b869-c0aee36ec1b3,SPY   261008P00775000
2026-10-08T14:05:00Z,atm_p,775,put,0.930000,0.940000,0.740000,0.800000,False,318f8f22-7629-49ac-b869-c0aee36ec1b3,SPY   261008P00775000
2026-10-08T14:10:00Z,atm_p,775,put,0.800000,0.840000,0.700000,0.760000,False,318f8f22-7629-49ac-b869-c0aee36ec1b3,SPY   261008P00775000
2026-10-08T14:15:00Z,atm_p,775,put,0.760000,0.790000,0.680000,0.710000,False,318f8f22-7629-49ac-b869-c0aee36ec1b3,SPY   261008P00775000
2026-10-08T14:20:00Z,atm_p,775,put,0.710000,0.710000,0.570000,0.610000,False,318f8f22-7629-49ac-b869-c0aee36ec1b3,SPY   261008P00775000
2026-10-08T14:25:00Z,atm_p,775,put,0.620000,0.670000,0.510000,0.520000,False,318f8f22-7629-49ac-b869-c0aee36ec1b3,SPY   261008P00775000
2026-10-08T14:30:00Z,atm_p,775,put,0.520000,0.580000,0.490000,0.500000,False,318f8f22-7629-49ac-b869-c0aee36ec1b3,SPY   261008P00775000
2026-10-08T14:35:00Z,atm_p,775,put,0.500000,0.580000,0.480000,0.570000,False,318f8f22-7629-49ac-b869-c0aee36ec1b3,SPY   261008P00775000
2026-10-08T14:40:00Z,atm_p,775,put,0.570000,0.670000,0.550000,0.620000,False,318f8f22-7629-49ac-b869-c0aee36ec1b3,SPY   261008P00775000
2026-10-08T14:45:00Z,atm_p,775,put,0.620000,0.740000,0.580000,0.740000,False,318f8f22-7629-49ac-b869-c0aee36ec1b3,SPY   261008P00775000
2026-10-08T14:50:00Z,atm_p,775,put,0.740000,1.120000,0.710000,1.030000,False,318f8f22-7629-49ac-b869-c0aee36ec1b3,SPY   261008P00775000
2026-10-08T14:55:00Z,atm_p,775,put,1.030000,1.100000,0.780000,0.820000,False,318f8f22-7629-49ac-b869-c0aee36ec1b3,SPY   261008P00775000
2026-10-08T15:00:00Z,atm_p,775,put,0.830000,1.070000,0.810000,0.890000,False,318f8f22-7629-49ac-b869-c0aee36ec1b3,SPY   261008P00775000
2026-10-08T15:05:00Z,atm_p,775,put,0.900000,1.040000,0.810000,1.030000,False,318f8f22-7629-49ac-b869-c0aee36ec1b3,SPY   261008P00775000
2026-10-08T15:10:00Z,atm_p,775,put,1.030000,1.280000,0.910000,1.280000,False,318f8f22-7629-49ac-b869-c0aee36ec1b3,SPY   261008P00775000
2026-10-08T15:15:00Z,atm_p,775,put,1.310000,1.410000,1.140000,1.260000,False,318f8f22-7629-49ac-b869-c0aee36ec1b3,SPY   261008P00775000
2026-10-08T15:20:00Z,atm_p,775,put,1.270000,1.400000,1.190000,1.320000,False,318f8f22-7629-49ac-b869-c0aee36ec1b3,SPY   261008P00775000
2026-10-08T15:25:00Z,atm_p,775,put,1.320000,1.410000,1.030000,1.120000,False,318f8f22-7629-49ac-b869-c0aee36ec1b3,SPY   261008P00775000
2026-10-08T15:30:00Z,atm_p,775,put,1.120000,1.360000,1.070000,1.340000,False,318f8f22-7629-49ac-b869-c0aee36ec1b3,SPY   261008P00775000
2026-10-08T15:35:00Z,atm_p,775,put,1.350000,1.400000,1.200000,1.330000,False,318f8f22-7629-49ac-b869-c0aee36ec1b3,SPY   261008P00775000
2026-10-08T15:40:00Z,atm_p,775,put,1.340000,1.380000,1.110000,1.160000,False,318f8f22-7629-49ac-b869-c0aee36ec1b3,SPY   261008P00775000
2026-10-08T15:45:00Z,atm_p,775,put,1.150000,1.180000,1.040000,1.140000,False,318f8f22-7629-49ac-b869-c0aee36ec1b3,SPY   261008P00775000
2026-10-08T15:50:00Z,atm_p,775,put,1.160000,1.280000,1.010000,1.230000,False,318f8f22-7629-49ac-b869-c0aee36ec1b3,SPY   261008P00775000
2026-10-08T15:55:00Z,atm_p,775,put,1.230000,1.330000,1.170000,1.190000,False,318f8f22-7629-49ac-b869-c0aee36ec1b3,SPY   261008P00775000
2026-10-08T16:00:00Z,atm_p,775,put,1.190000,1.320000,1.090000,1.240000,False,318f8f22-7629-49ac-b869-c0aee36ec1b3,SPY   261008P00775000
2026-10-08T16:05:00Z,atm_p,775,put,1.240000,1.280000,0.990000,1.010000,False,318f8f22-7629-49ac-b869-c0aee36ec1b3,SPY   261008P00775000
2026-10-08T16:10:00Z,atm_p,775,put,1.010000,1.010000,0.850000,0.960000,False,318f8f22-7629-49ac-b869-c0aee36ec1b3,SPY   261008P00775000
2026-10-08T16:15:00Z,atm_p,775,put,0.960000,1.000000,0.350000,0.710000,False,318f8f22-7629-49ac-b869-c0aee36ec1b3,SPY   261008P00775000
2026-10-08T16:20:00Z,atm_p,775,put,0.690000,0.730000,0.520000,0.520000,False,318f8f22-7629-49ac-b869-c0aee36ec1b3,SPY   261008P00775000
2026-10-08T16:25:00Z,atm_p,775,put,0.540000,0.570000,0.530000,0.570000,False,318f8f22-7629-49ac-b869-c0aee36ec1b3,SPY   261008P00775000
2026-10-08T16:30:00Z,atm_p,775,put,0.650000,0.700000,0.520000,0.650000,False,318f8f22-7629-49ac-b869-c0aee36ec1b3,SPY   261008P00775000
2026-10-08T16:35:00Z,atm_p,775,put,0.650000,1.010000,0.570000,0.880000,False,318f8f22-7629-49ac-b869-c0aee36ec1b3,SPY   261008P00775000
2026-10-08T16:40:00Z,atm_p,775,put,0.880000,1.060000,0.630000,0.960000,False,318f8f22-7629-49ac-b869-c0aee36ec1b3,SPY   261008P00775000
2026-10-08T16:45:00Z,atm_p,775,put,0.980000,2.170000,0.860000,2.170000,False,318f8f22-7629-49ac-b869-c0aee36ec1b3,SPY   261008P00775000
2026-10-08T16:50:00Z,atm_p,775,put,2.150000,2.760000,1.890000,2.290000,False,318f8f22-7629-49ac-b869-c0aee36ec1b3,SPY   261008P00775000
2026-10-08T16:55:00Z,atm_p,775,put,2.090000,2.680000,1.960000,2.210000,False,318f8f22-7629-49ac-b869-c0aee36ec1b3,SPY   261008P00775000
2026-10-08T17:00:00Z,atm_p,775,put,2.300000,3.250000,2.250000,3.120000,False,318f8f22-7629-49ac-b869-c0aee36ec1b3,SPY   261008P00775000
2026-10-08T17:05:00Z,atm_p,775,put,3.080000,3.350000,2.600000,2.760000,False,318f8f22-7629-49ac-b869-c0aee36ec1b3,SPY   261008P00775000
2026-10-08T17:10:00Z,atm_p,775,put,2.770000,3.070000,2.060000,2.210000,False,318f8f22-7629-49ac-b869-c0aee36ec1b3,SPY   261008P00775000
2026-10-08T17:15:00Z,atm_p,775,put,2.190000,2.910000,2.020000,2.820000,False,318f8f22-7629-49ac-b869-c0aee36ec1b3,SPY   261008P00775000
2026-10-08T17:20:00Z,atm_p,775,put,2.850000,3.480000,2.760000,3.270000,False,318f8f22-7629-49ac-b869-c0aee36ec1b3,SPY   261008P00775000
2026-10-08T17:25:00Z,atm_p,775,put,3.340000,4.620000,3.240000,4.020000,False,318f8f22-7629-49ac-b869-c0aee36ec1b3,SPY   261008P00775000
2026-10-08T17:30:00Z,atm_p,775,put,3.910000,4.230000,3.140000,3.240000,False,318f8f22-7629-49ac-b869-c0aee36ec1b3,SPY   261008P00775000
2026-10-08T17:35:00Z,atm_p,775,put,3.240000,3.350000,2.630000,2.650000,False,318f8f22-7629-49ac-b869-c0aee36ec1b3,SPY   261008P00775000
2026-10-08T17:40:00Z,atm_p,775,put,2.650000,2.800000,2.470000,2.660000,False,318f8f22-7629-49ac-b869-c0aee36ec1b3,SPY   261008P00775000
2026-10-08T17:45:00Z,atm_p,775,put,3.500000,3.600000,3.500000,3.600000,False,318f8f22-7629-49ac-b869-c0aee36ec1b3,SPY   261008P00775000
2026-10-08T17:50:00Z,atm_p,775,put,3.570000,3.790000,3.400000,3.400000,False,318f8f22-7629-49ac-b869-c0aee36ec1b3,SPY   261008P00775000
2026-10-08T17:55:00Z,atm_p,775,put,3.400000,3.590000,3.100000,3.170000,False,318f8f22-7629-49ac-b869-c0aee36ec1b3,SPY   261008P00775000
2026-10-08T18:00:00Z,atm_p,775,put,3.160000,3.660000,2.910000,3.220000,False,318f8f22-7629-49ac-b869-c0aee36ec1b3,SPY   261008P00775000
2026-10-08T18:05:00Z,atm_p,775,put,3.210000,3.380000,2.840000,3.080000,False,318f8f22-7629-49ac-b869-c0aee36ec1b3,SPY   261008P00775000
2026-10-08T18:10:00Z,atm_p,775,put,3.090000,3.150000,2.440000,2.510000,False,318f8f22-7629-49ac-b869-c0aee36ec1b3,SPY   261008P00775000
2026-10-08T18:15:00Z,atm_p,775,put,2.490000,2.510000,1.980000,2.030000,False,318f8f22-7629-49ac-b869-c0aee36ec1b3,SPY   261008P00775000
2026-10-08T18:20:00Z,atm_p,775,put,2.030000,2.500000,1.810000,1.810000,False,318f8f22-7629-49ac-b869-c0aee36ec1b3,SPY   261008P00775000
2026-10-08T18:25:00Z,atm_p,775,put,1.810000,1.990000,1.570000,1.890000,False,318f8f22-7629-49ac-b869-c0aee36ec1b3,SPY   261008P00775000
2026-10-08T18:30:00Z,atm_p,775,put,1.920000,2.460000,1.920000,2.300000,False,318f8f22-7629-49ac-b869-c0aee36ec1b3,SPY   261008P00775000
2026-10-08T18:35:00Z,atm_p,775,put,2.260000,2.570000,2.140000,2.220000,False,318f8f22-7629-49ac-b869-c0aee36ec1b3,SPY   261008P00775000
2026-10-08T18:40:00Z,atm_p,775,put,2.230000,2.530000,2.130000,2.270000,False,318f8f22-7629-49ac-b869-c0aee36ec1b3,SPY   261008P00775000
2026-10-08T18:45:00Z,atm_p,775,put,2.270000,2.410000,1.960000,2.010000,False,318f8f22-7629-49ac-b869-c0aee36ec1b3,SPY   261008P00775000
2026-10-08T18:50:00Z,atm_p,775,put,1.980000,2.210000,1.840000,2.020000,False,318f8f22-7629-49ac-b869-c0aee36ec1b3,SPY   261008P00775000
2026-10-08T18:55:00Z,atm_p,775,put,2.020000,2.230000,1.930000,2.180000,False,318f8f22-7629-49ac-b869-c0aee36ec1b3,SPY   261008P00775000
2026-10-08T19:00:00Z,atm_p,775,put,2.200000,2.460000,2.060000,2.370000,False,318f8f22-7629-49ac-b869-c0aee36ec1b3,SPY   261008P00775000
2026-10-08T19:05:00Z,atm_p,775,put,2.390000,2.430000,2.390000,2.390000,False,318f8f22-7629-49ac-b869-c0aee36ec1b3,SPY   261008P00775000
2026-10-08T19:10:00Z,atm_p,775,put,2.350000,2.360000,1.900000,2.090000,False,318f8f22-7629-49ac-b869-c0aee36ec1b3,SPY   261008P00775000
2026-10-08T19:15:00Z,atm_p,775,put,2.080000,2.360000,1.970000,2.150000,False,318f8f22-7629-49ac-b869-c0aee36ec1b3,SPY   261008P00775000
2026-10-08T19:20:00Z,atm_p,775,put,2.150000,2.230000,1.310000,1.420000,False,318f8f22-7629-49ac-b869-c0aee36ec1b3,SPY   261008P00775000
2026-10-08T19:25:00Z,atm_p,775,put,1.450000,1.900000,1.260000,1.700000,False,318f8f22-7629-49ac-b869-c0aee36ec1b3,SPY   261008P00775000
2026-10-08T19:30:00Z,atm_p,775,put,1.650000,2.070000,1.610000,1.890000,False,318f8f22-7629-49ac-b869-c0aee36ec1b3,SPY   261008P00775000
2026-10-08T19:35:00Z,atm_p,775,put,1.880000,1.990000,1.710000,1.740000,False,318f8f22-7629-49ac-b869-c0aee36ec1b3,SPY   261008P00775000
2026-10-08T19:40:00Z,atm_p,775,put,1.740000,1.850000,1.560000,1.690000,False,318f8f22-7629-49ac-b869-c0aee36ec1b3,SPY   261008P00775000
2026-10-08T19:45:00Z,atm_p,775,put,1.770000,1.820000,1.530000,1.530000,False,318f8f22-7629-49ac-b869-c0aee36ec1b3,SPY   261008P00775000
2026-10-08T19:50:00Z,atm_p,775,put,1.530000,1.920000,1.250000,1.640000,False,318f8f22-7629-49ac-b869-c0aee36ec1b3,SPY   261008P00775000
2026-10-08T19:55:00Z,atm_p,775,put,1.740000,1.800000,1.050000,1.260000,False,318f8f22-7629-49ac-b869-c0aee36ec1b3,SPY   261008P00775000
2026-10-08T13:30:00Z,atm_c,775,call,1.560000,1.560000,1.560000,1.560000,False,00db1875-9f39-4e68-b9d3-880fb16204ed,SPY   261008C00775000
2026-10-08T13:35:00Z,atm_c,775,call,1.470000,1.470000,1.120000,1.260000,False,00db1875-9f39-4e68-b9d3-880fb16204ed,SPY   261008C00775000
2026-10-08T13:40:00Z,atm_c,775,call,1.250000,1.250000,1.020000,1.070000,False,00db1875-9f39-4e68-b9d3-880fb16204ed,SPY   261008C00775000
2026-10-08T13:45:00Z,atm_c,775,call,1.050000,1.480000,1.040000,1.460000,False,00db1875-9f39-4e68-b9d3-880fb16204ed,SPY   261008C00775000
2026-10-08T13:50:00Z,atm_c,775,call,1.450000,1.670000,1.220000,1.220000,False,00db1875-9f39-4e68-b9d3-880fb16204ed,SPY   261008C00775000
2026-10-08T13:55:00Z,atm_c,775,call,1.210000,1.550000,1.200000,1.350000,False,00db1875-9f39-4e68-b9d3-880fb16204ed,SPY   261008C00775000
2026-10-08T14:00:00Z,atm_c,775,call,1.350000,1.460000,1.260000,1.430000,False,00db1875-9f39-4e68-b9d3-880fb16204ed,SPY   261008C00775000
2026-10-08T14:05:00Z,atm_c,775,call,1.430000,1.710000,1.410000,1.600000,False,00db1875-9f39-4e68-b9d3-880fb16204ed,SPY   261008C00775000
2026-10-08T14:10:00Z,atm_c,775,call,1.590000,1.730000,1.520000,1.590000,False,00db1875-9f39-4e68-b9d3-880fb16204ed,SPY   261008C00775000
2026-10-08T14:15:00Z,atm_c,775,call,1.580000,1.670000,1.490000,1.610000,False,00db1875-9f39-4e68-b9d3-880fb16204ed,SPY   261008C00775000
2026-10-08T14:20:00Z,atm_c,775,call,1.600000,1.850000,1.600000,1.730000,False,00db1875-9f39-4e68-b9d3-880fb16204ed,SPY   261008C00775000
2026-10-08T14:25:00Z,atm_c,775,call,1.710000,2.020000,1.620000,1.960000,False,00db1875-9f39-4e68-b9d3-880fb16204ed,SPY   261008C00775000
2026-10-08T14:30:00Z,atm_c,775,call,1.920000,1.990000,1.780000,1.970000,False,00db1875-9f39-4e68-b9d3-880fb16204ed,SPY   261008C00775000
2026-10-08T14:35:00Z,atm_c,775,call,1.980000,2.000000,1.710000,1.720000,False,00db1875-9f39-4e68-b9d3-880fb16204ed,SPY   261008C00775000
2026-10-08T14:40:00Z,atm_c,775,call,1.720000,1.780000,1.510000,1.570000,False,00db1875-9f39-4e68-b9d3-880fb16204ed,SPY   261008C00775000
2026-10-08T14:45:00Z,atm_c,775,call,1.570000,1.650000,1.360000,1.360000,False,00db1875-9f39-4e68-b9d3-880fb16204ed,SPY   261008C00775000
2026-10-08T14:50:00Z,atm_c,775,call,1.370000,1.410000,0.980000,1.060000,False,00db1875-9f39-4e68-b9d3-880fb16204ed,SPY   261008C00775000
2026-10-08T14:55:00Z,atm_c,775,call,1.060000,1.250000,1.030000,1.200000,False,00db1875-9f39-4e68-b9d3-880fb16204ed,SPY   261008C00775000
2026-10-08T15:00:00Z,atm_c,775,call,1.180000,1.190000,0.950000,1.110000,False,00db1875-9f39-4e68-b9d3-880fb16204ed,SPY   261008C00775000
2026-10-08T15:05:00Z,atm_c,775,call,1.100000,1.160000,0.960000,0.960000,False,00db1875-9f39-4e68-b9d3-880fb16204ed,SPY   261008C00775000
2026-10-08T15:10:00Z,atm_c,775,call,0.970000,1.040000,0.770000,0.770000,False,00db1875-9f39-4e68-b9d3-880fb16204ed,SPY   261008C00775000
2026-10-08T15:15:00Z,atm_c,775,call,0.750000,0.830000,0.700000,0.760000,False,00db1875-9f39-4e68-b9d3-880fb16204ed,SPY   261008C00775000
2026-10-08T15:20:00Z,atm_c,775,call,0.760000,0.820000,0.700000,0.730000,False,00db1875-9f39-4e68-b9d3-880fb16204ed,SPY   261008C00775000
2026-10-08T15:25:00Z,atm_c,775,call,0.730000,0.870000,0.680000,0.790000,False,00db1875-9f39-4e68-b9d3-880fb16204ed,SPY   261008C00775000
2026-10-08T15:30:00Z,atm_c,775,call,0.800000,0.830000,0.630000,0.630000,False,00db1875-9f39-4e68-b9d3-880fb16204ed,SPY   261008C00775000
2026-10-08T15:35:00Z,atm_c,775,call,0.630000,0.690000,0.590000,0.610000,False,00db1875-9f39-4e68-b9d3-880fb16204ed,SPY   261008C00775000
2026-10-08T15:40:00Z,atm_c,775,call,0.610000,0.720000,0.590000,0.680000,False,00db1875-9f39-4e68-b9d3-880fb16204ed,SPY   261008C00775000
2026-10-08T15:45:00Z,atm_c,775,call,0.680000,0.720000,0.630000,0.640000,False,00db1875-9f39-4e68-b9d3-880fb16204ed,SPY   261008C00775000
2026-10-08T15:50:00Z,atm_c,775,call,0.630000,0.740000,0.570000,0.590000,False,00db1875-9f39-4e68-b9d3-880fb16204ed,SPY   261008C00775000
2026-10-08T15:55:00Z,atm_c,775,call,0.590000,0.590000,0.530000,0.570000,False,00db1875-9f39-4e68-b9d3-880fb16204ed,SPY   261008C00775000
2026-10-08T16:00:00Z,atm_c,775,call,0.560000,0.620000,0.490000,0.530000,False,00db1875-9f39-4e68-b9d3-880fb16204ed,SPY   261008C00775000
2026-10-08T16:05:00Z,atm_c,775,call,0.530000,0.640000,0.510000,0.620000,False,00db1875-9f39-4e68-b9d3-880fb16204ed,SPY   261008C00775000
2026-10-08T16:10:00Z,atm_c,775,call,0.620000,0.770000,0.620000,0.660000,False,00db1875-9f39-4e68-b9d3-880fb16204ed,SPY   261008C00775000
2026-10-08T16:15:00Z,atm_c,775,call,0.670000,2.390000,0.640000,1.310000,False,00db1875-9f39-4e68-b9d3-880fb16204ed,SPY   261008C00775000
2026-10-08T16:20:00Z,atm_c,775,call,1.360000,1.360000,1.280000,1.300000,False,00db1875-9f39-4e68-b9d3-880fb16204ed,SPY   261008C00775000
2026-10-08T16:25:00Z,atm_c,775,call,1.310000,1.330000,1.220000,1.220000,False,00db1875-9f39-4e68-b9d3-880fb16204ed,SPY   261008C00775000
2026-10-08T16:30:00Z,atm_c,775,call,1.090000,1.260000,0.990000,1.060000,False,00db1875-9f39-4e68-b9d3-880fb16204ed,SPY   261008C00775000
2026-10-08T16:35:00Z,atm_c,775,call,1.060000,1.180000,0.790000,0.860000,False,00db1875-9f39-4e68-b9d3-880fb16204ed,SPY   261008C00775000
2026-10-08T16:40:00Z,atm_c,775,call,1.070000,1.090000,1.020000,1.020000,False,00db1875-9f39-4e68-b9d3-880fb16204ed,SPY   261008C00775000
2026-10-08T16:45:00Z,atm_c,775,call,0.820000,0.860000,0.440000,0.440000,False,00db1875-9f39-4e68-b9d3-880fb16204ed,SPY   261008C00775000
2026-10-08T16:50:00Z,atm_c,775,call,0.440000,0.510000,0.320000,0.410000,False,00db1875-9f39-4e68-b9d3-880fb16204ed,SPY   261008C00775000
2026-10-08T16:55:00Z,atm_c,775,call,0.450000,0.480000,0.310000,0.390000,False,00db1875-9f39-4e68-b9d3-880fb16204ed,SPY   261008C00775000
2026-10-08T17:00:00Z,atm_c,775,call,0.370000,0.380000,0.220000,0.220000,False,00db1875-9f39-4e68-b9d3-880fb16204ed,SPY   261008C00775000
2026-10-08T17:05:00Z,atm_c,775,call,0.220000,0.280000,0.210000,0.260000,False,00db1875-9f39-4e68-b9d3-880fb16204ed,SPY   261008C00775000
2026-10-08T17:10:00Z,atm_c,775,call,0.260000,0.380000,0.220000,0.350000,False,00db1875-9f39-4e68-b9d3-880fb16204ed,SPY   261008C00775000
2026-10-08T17:15:00Z,atm_c,775,call,0.340000,0.380000,0.210000,0.210000,False,00db1875-9f39-4e68-b9d3-880fb16204ed,SPY   261008C00775000
2026-10-08T17:20:00Z,atm_c,775,call,0.160000,0.170000,0.150000,0.160000,False,00db1875-9f39-4e68-b9d3-880fb16204ed,SPY   261008C00775000
2026-10-08T17:25:00Z,atm_c,775,call,0.160000,0.160000,0.150000,0.150000,False,00db1875-9f39-4e68-b9d3-880fb16204ed,SPY   261008C00775000
2026-10-08T17:30:00Z,atm_c,775,call,0.120000,0.170000,0.120000,0.160000,False,00db1875-9f39-4e68-b9d3-880fb16204ed,SPY   261008C00775000
2026-10-08T17:35:00Z,atm_c,775,call,0.160000,0.200000,0.140000,0.200000,False,00db1875-9f39-4e68-b9d3-880fb16204ed,SPY   261008C00775000
2026-10-08T17:40:00Z,atm_c,775,call,0.200000,0.230000,0.180000,0.190000,False,00db1875-9f39-4e68-b9d3-880fb16204ed,SPY   261008C00775000
2026-10-08T17:45:00Z,atm_c,775,call,0.190000,0.220000,0.110000,0.110000,False,00db1875-9f39-4e68-b9d3-880fb16204ed,SPY   261008C00775000
2026-10-08T17:50:00Z,atm_c,775,call,0.110000,0.110000,0.090000,0.100000,False,00db1875-9f39-4e68-b9d3-880fb16204ed,SPY   261008C00775000
2026-10-08T17:55:00Z,atm_c,775,call,0.100000,0.110000,0.100000,0.110000,False,00db1875-9f39-4e68-b9d3-880fb16204ed,SPY   261008C00775000
2026-10-08T18:00:00Z,atm_c,775,call,0.110000,0.120000,0.090000,0.100000,False,00db1875-9f39-4e68-b9d3-880fb16204ed,SPY   261008C00775000
2026-10-08T18:05:00Z,atm_c,775,call,0.100000,0.120000,0.100000,0.100000,False,00db1875-9f39-4e68-b9d3-880fb16204ed,SPY   261008C00775000
2026-10-08T18:10:00Z,atm_c,775,call,0.100000,0.140000,0.100000,0.140000,False,00db1875-9f39-4e68-b9d3-880fb16204ed,SPY   261008C00775000
2026-10-08T18:15:00Z,atm_c,775,call,0.140000,0.230000,0.140000,0.210000,False,00db1875-9f39-4e68-b9d3-880fb16204ed,SPY   261008C00775000
2026-10-08T18:20:00Z,atm_c,775,call,0.210000,0.230000,0.130000,0.230000,False,00db1875-9f39-4e68-b9d3-880fb16204ed,SPY   261008C00775000
2026-10-08T18:25:00Z,atm_c,775,call,0.230000,0.310000,0.190000,0.200000,False,00db1875-9f39-4e68-b9d3-880fb16204ed,SPY   261008C00775000
2026-10-08T18:30:00Z,atm_c,775,call,0.200000,0.200000,0.120000,0.120000,False,00db1875-9f39-4e68-b9d3-880fb16204ed,SPY   261008C00775000
2026-10-08T18:35:00Z,atm_c,775,call,0.120000,0.130000,0.100000,0.110000,False,00db1875-9f39-4e68-b9d3-880fb16204ed,SPY   261008C00775000
2026-10-08T18:40:00Z,atm_c,775,call,0.110000,0.120000,0.090000,0.090000,False,00db1875-9f39-4e68-b9d3-880fb16204ed,SPY   261008C00775000
2026-10-08T18:45:00Z,atm_c,775,call,0.090000,0.120000,0.090000,0.120000,False,00db1875-9f39-4e68-b9d3-880fb16204ed,SPY   261008C00775000
2026-10-08T18:50:00Z,atm_c,775,call,0.120000,0.140000,0.100000,0.110000,False,00db1875-9f39-4e68-b9d3-880fb16204ed,SPY   261008C00775000
2026-10-08T18:55:00Z,atm_c,775,call,0.110000,0.110000,0.090000,0.090000,False,00db1875-9f39-4e68-b9d3-880fb16204ed,SPY   261008C00775000
2026-10-08T19:00:00Z,atm_c,775,call,0.090000,0.090000,0.060000,0.060000,False,00db1875-9f39-4e68-b9d3-880fb16204ed,SPY   261008C00775000
2026-10-08T19:05:00Z,atm_c,775,call,0.060000,0.060000,0.050000,0.050000,False,00db1875-9f39-4e68-b9d3-880fb16204ed,SPY   261008C00775000
2026-10-08T19:10:00Z,atm_c,775,call,0.050000,0.080000,0.050000,0.070000,False,00db1875-9f39-4e68-b9d3-880fb16204ed,SPY   261008C00775000
2026-10-08T19:15:00Z,atm_c,775,call,0.070000,0.070000,0.050000,0.050000,False,00db1875-9f39-4e68-b9d3-880fb16204ed,SPY   261008C00775000
2026-10-08T19:20:00Z,atm_c,775,call,0.050000,0.170000,0.050000,0.150000,False,00db1875-9f39-4e68-b9d3-880fb16204ed,SPY   261008C00775000
2026-10-08T19:25:00Z,atm_c,775,call,0.140000,0.150000,0.070000,0.080000,False,00db1875-9f39-4e68-b9d3-880fb16204ed,SPY   261008C00775000
2026-10-08T19:30:00Z,atm_c,775,call,0.080000,0.090000,0.060000,0.060000,False,00db1875-9f39-4e68-b9d3-880fb16204ed,SPY   261008C00775000
2026-10-08T19:35:00Z,atm_c,775,call,0.060000,0.060000,0.060000,0.060000,False,00db1875-9f39-4e68-b9d3-880fb16204ed,SPY   261008C00775000
2026-10-08T19:40:00Z,atm_c,775,call,0.060000,0.060000,0.050000,0.050000,False,00db1875-9f39-4e68-b9d3-880fb16204ed,SPY   261008C00775000
2026-10-08T19:45:00Z,atm_c,775,call,0.050000,0.050000,0.050000,0.050000,False,00db1875-9f39-4e68-b9d3-880fb16204ed,SPY   261008C00775000
2026-10-08T19:50:00Z,atm_c,775,call,0.050000,0.080000,0.050000,0.050000,False,00db1875-9f39-4e68-b9d3-880fb16204ed,SPY   261008C00775000
2026-10-08T19:55:00Z,atm_c,775,call,0.040000,0.070000,0.040000,0.050000,False,00db1875-9f39-4e68-b9d3-880fb16204ed,SPY   261008C00775000
2026-10-08T13:30:00Z,hp,770,put,0.200000,0.200000,0.200000,0.200000,False,05b2929a-3860-4a14-b053-eb8022ea9850,SPY   261008P00770000
2026-10-08T13:35:00Z,hp,770,put,0.200000,0.220000,0.190000,0.190000,False,05b2929a-3860-4a14-b053-eb8022ea9850,SPY   261008P00770000
2026-10-08T13:40:00Z,hp,770,put,0.190000,0.220000,0.180000,0.190000,False,05b2929a-3860-4a14-b053-eb8022ea9850,SPY   261008P00770000
2026-10-08T13:45:00Z,hp,770,put,0.190000,0.190000,0.130000,0.130000,False,05b2929a-3860-4a14-b053-eb8022ea9850,SPY   261008P00770000
2026-10-08T13:50:00Z,hp,770,put,0.130000,0.160000,0.120000,0.160000,False,05b2929a-3860-4a14-b053-eb8022ea9850,SPY   261008P00770000
2026-10-08T13:55:00Z,hp,770,put,0.160000,0.160000,0.110000,0.120000,False,05b2929a-3860-4a14-b053-eb8022ea9850,SPY   261008P00770000
2026-10-08T14:00:00Z,hp,770,put,0.120000,0.120000,0.100000,0.100000,False,05b2929a-3860-4a14-b053-eb8022ea9850,SPY   261008P00770000
2026-10-08T14:05:00Z,hp,770,put,0.100000,0.100000,0.080000,0.080000,False,05b2929a-3860-4a14-b053-eb8022ea9850,SPY   261008P00770000
2026-10-08T14:10:00Z,hp,770,put,0.080000,0.080000,0.070000,0.070000,False,05b2929a-3860-4a14-b053-eb8022ea9850,SPY   261008P00770000
2026-10-08T14:15:00Z,hp,770,put,0.070000,0.070000,0.070000,0.070000,False,05b2929a-3860-4a14-b053-eb8022ea9850,SPY   261008P00770000
2026-10-08T14:20:00Z,hp,770,put,0.070000,0.070000,0.060000,0.060000,False,05b2929a-3860-4a14-b053-eb8022ea9850,SPY   261008P00770000
2026-10-08T14:25:00Z,hp,770,put,0.060000,0.060000,0.050000,0.050000,False,05b2929a-3860-4a14-b053-eb8022ea9850,SPY   261008P00770000
2026-10-08T14:30:00Z,hp,770,put,0.050000,0.050000,0.050000,0.050000,False,05b2929a-3860-4a14-b053-eb8022ea9850,SPY   261008P00770000
2026-10-08T14:35:00Z,hp,770,put,0.050000,0.050000,0.050000,0.050000,False,05b2929a-3860-4a14-b053-eb8022ea9850,SPY   261008P00770000
2026-10-08T14:40:00Z,hp,770,put,0.050000,0.050000,0.050000,0.050000,False,05b2929a-3860-4a14-b053-eb8022ea9850,SPY   261008P00770000
2026-10-08T14:45:00Z,hp,770,put,0.050000,0.070000,0.050000,0.070000,False,05b2929a-3860-4a14-b053-eb8022ea9850,SPY   261008P00770000
2026-10-08T14:50:00Z,hp,770,put,0.070000,0.110000,0.070000,0.110000,False,05b2929a-3860-4a14-b053-eb8022ea9850,SPY   261008P00770000
2026-10-08T14:55:00Z,hp,770,put,0.110000,0.110000,0.080000,0.080000,False,05b2929a-3860-4a14-b053-eb8022ea9850,SPY   261008P00770000
2026-10-08T15:00:00Z,hp,770,put,0.080000,0.100000,0.080000,0.090000,False,05b2929a-3860-4a14-b053-eb8022ea9850,SPY   261008P00770000
2026-10-08T15:05:00Z,hp,770,put,0.090000,0.100000,0.080000,0.100000,False,05b2929a-3860-4a14-b053-eb8022ea9850,SPY   261008P00770000
2026-10-08T15:10:00Z,hp,770,put,0.100000,0.110000,0.090000,0.110000,False,05b2929a-3860-4a14-b053-eb8022ea9850,SPY   261008P00770000
2026-10-08T15:15:00Z,hp,770,put,0.120000,0.130000,0.120000,0.120000,False,05b2929a-3860-4a14-b053-eb8022ea9850,SPY   261008P00770000
2026-10-08T15:20:00Z,hp,770,put,0.130000,0.130000,0.110000,0.130000,False,05b2929a-3860-4a14-b053-eb8022ea9850,SPY   261008P00770000
2026-10-08T15:25:00Z,hp,770,put,0.130000,0.130000,0.090000,0.090000,False,05b2929a-3860-4a14-b053-eb8022ea9850,SPY   261008P00770000
2026-10-08T15:30:00Z,hp,770,put,0.090000,0.110000,0.090000,0.110000,False,05b2929a-3860-4a14-b053-eb8022ea9850,SPY   261008P00770000
2026-10-08T15:35:00Z,hp,770,put,0.110000,0.110000,0.100000,0.110000,False,05b2929a-3860-4a14-b053-eb8022ea9850,SPY   261008P00770000
2026-10-08T15:40:00Z,hp,770,put,0.110000,0.110000,0.090000,0.090000,False,05b2929a-3860-4a14-b053-eb8022ea9850,SPY   261008P00770000
2026-10-08T15:45:00Z,hp,770,put,0.090000,0.090000,0.080000,0.080000,False,05b2929a-3860-4a14-b053-eb8022ea9850,SPY   261008P00770000
2026-10-08T15:50:00Z,hp,770,put,0.080000,0.090000,0.070000,0.090000,False,05b2929a-3860-4a14-b053-eb8022ea9850,SPY   261008P00770000
2026-10-08T15:55:00Z,hp,770,put,0.090000,0.090000,0.080000,0.080000,False,05b2929a-3860-4a14-b053-eb8022ea9850,SPY   261008P00770000
2026-10-08T16:00:00Z,hp,770,put,0.080000,0.080000,0.080000,0.080000,False,05b2929a-3860-4a14-b053-eb8022ea9850,SPY   261008P00770000
2026-10-08T16:05:00Z,hp,770,put,0.080000,0.080000,0.060000,0.060000,False,05b2929a-3860-4a14-b053-eb8022ea9850,SPY   261008P00770000
2026-10-08T16:10:00Z,hp,770,put,0.060000,0.060000,0.050000,0.050000,False,05b2929a-3860-4a14-b053-eb8022ea9850,SPY   261008P00770000
2026-10-08T16:15:00Z,hp,770,put,0.050000,0.060000,0.030000,0.040000,False,05b2929a-3860-4a14-b053-eb8022ea9850,SPY   261008P00770000
2026-10-08T16:20:00Z,hp,770,put,0.050000,0.050000,0.050000,0.050000,False,05b2929a-3860-4a14-b053-eb8022ea9850,SPY   261008P00770000
2026-10-08T16:25:00Z,hp,770,put,0.050000,0.050000,0.050000,0.050000,False,05b2929a-3860-4a14-b053-eb8022ea9850,SPY   261008P00770000
2026-10-08T16:30:00Z,hp,770,put,0.040000,0.040000,0.040000,0.040000,False,05b2929a-3860-4a14-b053-eb8022ea9850,SPY   261008P00770000
2026-10-08T16:35:00Z,hp,770,put,0.040000,0.060000,0.040000,0.060000,False,05b2929a-3860-4a14-b053-eb8022ea9850,SPY   261008P00770000
2026-10-08T16:40:00Z,hp,770,put,0.050000,0.070000,0.050000,0.070000,False,05b2929a-3860-4a14-b053-eb8022ea9850,SPY   261008P00770000
2026-10-08T16:45:00Z,hp,770,put,0.070000,0.250000,0.060000,0.250000,False,05b2929a-3860-4a14-b053-eb8022ea9850,SPY   261008P00770000
2026-10-08T16:50:00Z,hp,770,put,0.250000,0.410000,0.200000,0.270000,False,05b2929a-3860-4a14-b053-eb8022ea9850,SPY   261008P00770000
2026-10-08T16:55:00Z,hp,770,put,0.260000,0.360000,0.210000,0.250000,False,05b2929a-3860-4a14-b053-eb8022ea9850,SPY   261008P00770000
2026-10-08T17:00:00Z,hp,770,put,0.270000,0.530000,0.260000,0.490000,False,05b2929a-3860-4a14-b053-eb8022ea9850,SPY   261008P00770000
2026-10-08T17:05:00Z,hp,770,put,0.480000,0.560000,0.330000,0.360000,False,05b2929a-3860-4a14-b053-eb8022ea9850,SPY   261008P00770000
2026-10-08T17:10:00Z,hp,770,put,0.360000,0.450000,0.200000,0.210000,False,05b2929a-3860-4a14-b053-eb8022ea9850,SPY   261008P00770000
2026-10-08T17:15:00Z,hp,770,put,0.210000,0.380000,0.190000,0.330000,False,05b2929a-3860-4a14-b053-eb8022ea9850,SPY   261008P00770000
2026-10-08T17:20:00Z,hp,770,put,0.340000,0.530000,0.320000,0.450000,False,05b2929a-3860-4a14-b053-eb8022ea9850,SPY   261008P00770000
2026-10-08T17:25:00Z,hp,770,put,0.470000,1.050000,0.440000,0.750000,False,05b2929a-3860-4a14-b053-eb8022ea9850,SPY   261008P00770000
2026-10-08T17:30:00Z,hp,770,put,0.720000,0.840000,0.420000,0.440000,False,05b2929a-3860-4a14-b053-eb8022ea9850,SPY   261008P00770000
2026-10-08T17:35:00Z,hp,770,put,0.440000,0.460000,0.260000,0.260000,False,05b2929a-3860-4a14-b053-eb8022ea9850,SPY   261008P00770000
2026-10-08T17:40:00Z,hp,770,put,0.260000,0.280000,0.230000,0.260000,False,05b2929a-3860-4a14-b053-eb8022ea9850,SPY   261008P00770000
2026-10-08T17:45:00Z,hp,770,put,0.260000,0.470000,0.210000,0.470000,False,05b2929a-3860-4a14-b053-eb8022ea9850,SPY   261008P00770000
2026-10-08T17:50:00Z,hp,770,put,0.480000,0.510000,0.380000,0.380000,False,05b2929a-3860-4a14-b053-eb8022ea9850,SPY   261008P00770000
2026-10-08T17:55:00Z,hp,770,put,0.380000,0.430000,0.280000,0.300000,False,05b2929a-3860-4a14-b053-eb8022ea9850,SPY   261008P00770000
2026-10-08T18:00:00Z,hp,770,put,0.290000,0.430000,0.250000,0.260000,False,05b2929a-3860-4a14-b053-eb8022ea9850,SPY   261008P00770000
2026-10-08T18:05:00Z,hp,770,put,0.300000,0.340000,0.220000,0.250000,False,05b2929a-3860-4a14-b053-eb8022ea9850,SPY   261008P00770000
2026-10-08T18:10:00Z,hp,770,put,0.250000,0.260000,0.150000,0.150000,False,05b2929a-3860-4a14-b053-eb8022ea9850,SPY   261008P00770000
2026-10-08T18:15:00Z,hp,770,put,0.150000,0.150000,0.100000,0.100000,False,05b2929a-3860-4a14-b053-eb8022ea9850,SPY   261008P00770000
2026-10-08T18:20:00Z,hp,770,put,0.100000,0.140000,0.090000,0.090000,False,05b2929a-3860-4a14-b053-eb8022ea9850,SPY   261008P00770000
2026-10-08T18:25:00Z,hp,770,put,0.090000,0.090000,0.070000,0.090000,False,05b2929a-3860-4a14-b053-eb8022ea9850,SPY   261008P00770000
2026-10-08T18:30:00Z,hp,770,put,0.090000,0.130000,0.090000,0.110000,False,05b2929a-3860-4a14-b053-eb8022ea9850,SPY   261008P00770000
2026-10-08T18:35:00Z,hp,770,put,0.110000,0.130000,0.100000,0.100000,False,05b2929a-3860-4a14-b053-eb8022ea9850,SPY   261008P00770000
2026-10-08T18:40:00Z,hp,770,put,0.100000,0.110000,0.090000,0.100000,False,05b2929a-3860-4a14-b053-eb8022ea9850,SPY   261008P00770000
2026-10-08T18:45:00Z,hp,770,put,0.100000,0.100000,0.070000,0.070000,False,05b2929a-3860-4a14-b053-eb8022ea9850,SPY   261008P00770000
2026-10-08T18:50:00Z,hp,770,put,0.070000,0.070000,0.060000,0.060000,False,05b2929a-3860-4a14-b053-eb8022ea9850,SPY   261008P00770000
2026-10-08T18:55:00Z,hp,770,put,0.060000,0.060000,0.060000,0.060000,False,05b2929a-3860-4a14-b053-eb8022ea9850,SPY   261008P00770000
2026-10-08T19:00:00Z,hp,770,put,0.060000,0.070000,0.060000,0.070000,False,05b2929a-3860-4a14-b053-eb8022ea9850,SPY   261008P00770000
2026-10-08T19:05:00Z,hp,770,put,0.070000,0.090000,0.060000,0.060000,False,05b2929a-3860-4a14-b053-eb8022ea9850,SPY   261008P00770000
2026-10-08T19:10:00Z,hp,770,put,0.060000,0.060000,0.050000,0.050000,False,05b2929a-3860-4a14-b053-eb8022ea9850,SPY   261008P00770000
2026-10-08T19:15:00Z,hp,770,put,0.050000,0.050000,0.040000,0.040000,False,05b2929a-3860-4a14-b053-eb8022ea9850,SPY   261008P00770000
2026-10-08T19:20:00Z,hp,770,put,0.040000,0.040000,0.030000,0.030000,False,05b2929a-3860-4a14-b053-eb8022ea9850,SPY   261008P00770000
2026-10-08T19:25:00Z,hp,770,put,0.030000,0.030000,0.030000,0.030000,False,05b2929a-3860-4a14-b053-eb8022ea9850,SPY   261008P00770000
2026-10-08T19:30:00Z,hp,770,put,0.030000,0.030000,0.030000,0.030000,False,05b2929a-3860-4a14-b053-eb8022ea9850,SPY   261008P00770000
2026-10-08T19:35:00Z,hp,770,put,0.030000,0.030000,0.030000,0.030000,False,05b2929a-3860-4a14-b053-eb8022ea9850,SPY   261008P00770000
2026-10-08T19:40:00Z,hp,770,put,0.030000,0.030000,0.030000,0.030000,False,05b2929a-3860-4a14-b053-eb8022ea9850,SPY   261008P00770000
2026-10-08T19:45:00Z,hp,770,put,0.030000,0.030000,0.030000,0.030000,False,05b2929a-3860-4a14-b053-eb8022ea9850,SPY   261008P00770000
2026-10-08T19:50:00Z,hp,770,put,0.030000,0.030000,0.030000,0.030000,False,05b2929a-3860-4a14-b053-eb8022ea9850,SPY   261008P00770000
2026-10-08T19:55:00Z,hp,770,put,0.020000,0.020000,0.020000,0.020000,False,05b2929a-3860-4a14-b053-eb8022ea9850,SPY   261008P00770000
2026-10-08T13:30:00Z,hc,779,call,0.240000,0.240000,0.240000,0.240000,False,cd4663fc-6ee2-4dda-8ed5-7906822ca402,SPY   261008C00779000
2026-10-08T13:35:00Z,hc,779,call,0.220000,0.220000,0.160000,0.170000,False,cd4663fc-6ee2-4dda-8ed5-7906822ca402,SPY   261008C00779000
2026-10-08T13:40:00Z,hc,779,call,0.170000,0.170000,0.140000,0.140000,False,cd4663fc-6ee2-4dda-8ed5-7906822ca402,SPY   261008C00779000
2026-10-08T13:45:00Z,hc,779,call,0.140000,0.200000,0.140000,0.190000,False,cd4663fc-6ee2-4dda-8ed5-7906822ca402,SPY   261008C00779000
2026-10-08T13:50:00Z,hc,779,call,0.190000,0.240000,0.160000,0.160000,False,cd4663fc-6ee2-4dda-8ed5-7906822ca402,SPY   261008C00779000
2026-10-08T13:55:00Z,hc,779,call,0.160000,0.200000,0.150000,0.180000,False,cd4663fc-6ee2-4dda-8ed5-7906822ca402,SPY   261008C00779000
2026-10-08T14:00:00Z,hc,779,call,0.170000,0.180000,0.160000,0.170000,False,cd4663fc-6ee2-4dda-8ed5-7906822ca402,SPY   261008C00779000
2026-10-08T14:05:00Z,hc,779,call,0.170000,0.220000,0.170000,0.200000,False,cd4663fc-6ee2-4dda-8ed5-7906822ca402,SPY   261008C00779000
2026-10-08T14:10:00Z,hc,779,call,0.200000,0.210000,0.190000,0.190000,False,cd4663fc-6ee2-4dda-8ed5-7906822ca402,SPY   261008C00779000
2026-10-08T14:15:00Z,hc,779,call,0.190000,0.190000,0.170000,0.180000,False,cd4663fc-6ee2-4dda-8ed5-7906822ca402,SPY   261008C00779000
2026-10-08T14:20:00Z,hc,779,call,0.180000,0.220000,0.180000,0.200000,False,cd4663fc-6ee2-4dda-8ed5-7906822ca402,SPY   261008C00779000
2026-10-08T14:25:00Z,hc,779,call,0.200000,0.250000,0.180000,0.230000,False,cd4663fc-6ee2-4dda-8ed5-7906822ca402,SPY   261008C00779000
2026-10-08T14:30:00Z,hc,779,call,0.230000,0.230000,0.200000,0.210000,False,cd4663fc-6ee2-4dda-8ed5-7906822ca402,SPY   261008C00779000
2026-10-08T14:35:00Z,hc,779,call,0.220000,0.220000,0.170000,0.170000,False,cd4663fc-6ee2-4dda-8ed5-7906822ca402,SPY   261008C00779000
2026-10-08T14:40:00Z,hc,779,call,0.170000,0.180000,0.130000,0.130000,False,cd4663fc-6ee2-4dda-8ed5-7906822ca402,SPY   261008C00779000
2026-10-08T14:45:00Z,hc,779,call,0.130000,0.140000,0.110000,0.110000,False,cd4663fc-6ee2-4dda-8ed5-7906822ca402,SPY   261008C00779000
2026-10-08T14:50:00Z,hc,779,call,0.110000,0.110000,0.080000,0.080000,False,cd4663fc-6ee2-4dda-8ed5-7906822ca402,SPY   261008C00779000
2026-10-08T14:55:00Z,hc,779,call,0.080000,0.090000,0.080000,0.090000,False,cd4663fc-6ee2-4dda-8ed5-7906822ca402,SPY   261008C00779000
2026-10-08T15:00:00Z,hc,779,call,0.090000,0.090000,0.080000,0.080000,False,cd4663fc-6ee2-4dda-8ed5-7906822ca402,SPY   261008C00779000
2026-10-08T15:05:00Z,hc,779,call,0.080000,0.080000,0.080000,0.080000,False,cd4663fc-6ee2-4dda-8ed5-7906822ca402,SPY   261008C00779000
2026-10-08T15:10:00Z,hc,779,call,0.080000,0.080000,0.070000,0.070000,False,cd4663fc-6ee2-4dda-8ed5-7906822ca402,SPY   261008C00779000
2026-10-08T15:15:00Z,hc,779,call,0.060000,0.060000,0.060000,0.060000,False,cd4663fc-6ee2-4dda-8ed5-7906822ca402,SPY   261008C00779000
2026-10-08T15:20:00Z,hc,779,call,0.060000,0.060000,0.060000,0.060000,False,cd4663fc-6ee2-4dda-8ed5-7906822ca402,SPY   261008C00779000
2026-10-08T15:25:00Z,hc,779,call,0.060000,0.060000,0.060000,0.060000,False,cd4663fc-6ee2-4dda-8ed5-7906822ca402,SPY   261008C00779000
2026-10-08T15:30:00Z,hc,779,call,0.060000,0.060000,0.060000,0.060000,False,cd4663fc-6ee2-4dda-8ed5-7906822ca402,SPY   261008C00779000
2026-10-08T15:35:00Z,hc,779,call,0.060000,0.060000,0.060000,0.060000,False,cd4663fc-6ee2-4dda-8ed5-7906822ca402,SPY   261008C00779000
2026-10-08T15:40:00Z,hc,779,call,0.060000,0.060000,0.050000,0.050000,False,cd4663fc-6ee2-4dda-8ed5-7906822ca402,SPY   261008C00779000
2026-10-08T15:45:00Z,hc,779,call,0.050000,0.050000,0.050000,0.050000,False,cd4663fc-6ee2-4dda-8ed5-7906822ca402,SPY   261008C00779000
2026-10-08T15:50:00Z,hc,779,call,0.050000,0.050000,0.050000,0.050000,False,cd4663fc-6ee2-4dda-8ed5-7906822ca402,SPY   261008C00779000
2026-10-08T15:55:00Z,hc,779,call,0.050000,0.050000,0.050000,0.050000,False,cd4663fc-6ee2-4dda-8ed5-7906822ca402,SPY   261008C00779000
2026-10-08T16:00:00Z,hc,779,call,0.050000,0.050000,0.050000,0.050000,False,cd4663fc-6ee2-4dda-8ed5-7906822ca402,SPY   261008C00779000
2026-10-08T16:05:00Z,hc,779,call,0.050000,0.050000,0.050000,0.050000,False,cd4663fc-6ee2-4dda-8ed5-7906822ca402,SPY   261008C00779000
2026-10-08T16:10:00Z,hc,779,call,0.050000,0.050000,0.050000,0.050000,False,cd4663fc-6ee2-4dda-8ed5-7906822ca402,SPY   261008C00779000
2026-10-08T16:15:00Z,hc,779,call,0.050000,0.440000,0.050000,0.080000,False,cd4663fc-6ee2-4dda-8ed5-7906822ca402,SPY   261008C00779000
2026-10-08T16:20:00Z,hc,779,call,0.080000,0.110000,0.080000,0.110000,False,cd4663fc-6ee2-4dda-8ed5-7906822ca402,SPY   261008C00779000
2026-10-08T16:25:00Z,hc,779,call,0.100000,0.100000,0.090000,0.090000,False,cd4663fc-6ee2-4dda-8ed5-7906822ca402,SPY   261008C00779000
2026-10-08T16:30:00Z,hc,779,call,0.080000,0.090000,0.070000,0.070000,False,cd4663fc-6ee2-4dda-8ed5-7906822ca402,SPY   261008C00779000
2026-10-08T16:35:00Z,hc,779,call,0.070000,0.080000,0.060000,0.060000,False,cd4663fc-6ee2-4dda-8ed5-7906822ca402,SPY   261008C00779000
2026-10-08T16:40:00Z,hc,779,call,0.060000,0.070000,0.060000,0.060000,False,cd4663fc-6ee2-4dda-8ed5-7906822ca402,SPY   261008C00779000
2026-10-08T16:45:00Z,hc,779,call,0.060000,0.060000,0.040000,0.040000,False,cd4663fc-6ee2-4dda-8ed5-7906822ca402,SPY   261008C00779000
2026-10-08T16:50:00Z,hc,779,call,0.040000,0.040000,0.040000,0.040000,False,cd4663fc-6ee2-4dda-8ed5-7906822ca402,SPY   261008C00779000
2026-10-08T16:55:00Z,hc,779,call,0.040000,0.040000,0.040000,0.040000,False,cd4663fc-6ee2-4dda-8ed5-7906822ca402,SPY   261008C00779000
2026-10-08T17:00:00Z,hc,779,call,0.040000,0.040000,0.030000,0.030000,False,cd4663fc-6ee2-4dda-8ed5-7906822ca402,SPY   261008C00779000
2026-10-08T17:05:00Z,hc,779,call,0.030000,0.030000,0.030000,0.030000,False,cd4663fc-6ee2-4dda-8ed5-7906822ca402,SPY   261008C00779000
2026-10-08T17:10:00Z,hc,779,call,0.030000,0.030000,0.030000,0.030000,False,cd4663fc-6ee2-4dda-8ed5-7906822ca402,SPY   261008C00779000
2026-10-08T17:15:00Z,hc,779,call,0.030000,0.030000,0.030000,0.030000,False,cd4663fc-6ee2-4dda-8ed5-7906822ca402,SPY   261008C00779000
2026-10-08T17:20:00Z,hc,779,call,0.030000,0.030000,0.030000,0.030000,False,cd4663fc-6ee2-4dda-8ed5-7906822ca402,SPY   261008C00779000
2026-10-08T17:25:00Z,hc,779,call,0.030000,0.030000,0.030000,0.030000,False,cd4663fc-6ee2-4dda-8ed5-7906822ca402,SPY   261008C00779000
2026-10-08T17:30:00Z,hc,779,call,0.030000,0.030000,0.030000,0.030000,False,cd4663fc-6ee2-4dda-8ed5-7906822ca402,SPY   261008C00779000
2026-10-08T17:35:00Z,hc,779,call,0.030000,0.030000,0.030000,0.030000,False,cd4663fc-6ee2-4dda-8ed5-7906822ca402,SPY   261008C00779000
2026-10-08T17:40:00Z,hc,779,call,0.030000,0.030000,0.030000,0.030000,False,cd4663fc-6ee2-4dda-8ed5-7906822ca402,SPY   261008C00779000
2026-10-08T17:45:00Z,hc,779,call,0.030000,0.030000,0.030000,0.030000,False,cd4663fc-6ee2-4dda-8ed5-7906822ca402,SPY   261008C00779000
2026-10-08T17:50:00Z,hc,779,call,0.030000,0.030000,0.030000,0.030000,False,cd4663fc-6ee2-4dda-8ed5-7906822ca402,SPY   261008C00779000
2026-10-08T17:55:00Z,hc,779,call,0.030000,0.030000,0.030000,0.030000,False,cd4663fc-6ee2-4dda-8ed5-7906822ca402,SPY   261008C00779000
2026-10-08T18:00:00Z,hc,779,call,0.030000,0.030000,0.030000,0.030000,False,cd4663fc-6ee2-4dda-8ed5-7906822ca402,SPY   261008C00779000
2026-10-08T18:05:00Z,hc,779,call,0.030000,0.030000,0.030000,0.030000,False,cd4663fc-6ee2-4dda-8ed5-7906822ca402,SPY   261008C00779000
2026-10-08T18:10:00Z,hc,779,call,0.030000,0.030000,0.030000,0.030000,False,cd4663fc-6ee2-4dda-8ed5-7906822ca402,SPY   261008C00779000
2026-10-08T18:15:00Z,hc,779,call,0.030000,0.030000,0.030000,0.030000,False,cd4663fc-6ee2-4dda-8ed5-7906822ca402,SPY   261008C00779000
2026-10-08T18:20:00Z,hc,779,call,0.030000,0.030000,0.030000,0.030000,False,cd4663fc-6ee2-4dda-8ed5-7906822ca402,SPY   261008C00779000
2026-10-08T18:25:00Z,hc,779,call,0.030000,0.030000,0.030000,0.030000,False,cd4663fc-6ee2-4dda-8ed5-7906822ca402,SPY   261008C00779000
2026-10-08T18:30:00Z,hc,779,call,0.030000,0.030000,0.030000,0.030000,False,cd4663fc-6ee2-4dda-8ed5-7906822ca402,SPY   261008C00779000
2026-10-08T18:35:00Z,hc,779,call,0.030000,0.030000,0.020000,0.020000,False,cd4663fc-6ee2-4dda-8ed5-7906822ca402,SPY   261008C00779000
2026-10-08T18:40:00Z,hc,779,call,0.020000,0.020000,0.020000,0.020000,False,cd4663fc-6ee2-4dda-8ed5-7906822ca402,SPY   261008C00779000
2026-10-08T18:45:00Z,hc,779,call,0.020000,0.020000,0.020000,0.020000,False,cd4663fc-6ee2-4dda-8ed5-7906822ca402,SPY   261008C00779000
2026-10-08T18:50:00Z,hc,779,call,0.020000,0.020000,0.020000,0.020000,False,cd4663fc-6ee2-4dda-8ed5-7906822ca402,SPY   261008C00779000
2026-10-08T18:55:00Z,hc,779,call,0.020000,0.020000,0.020000,0.020000,False,cd4663fc-6ee2-4dda-8ed5-7906822ca402,SPY   261008C00779000
2026-10-08T19:00:00Z,hc,779,call,0.020000,0.020000,0.020000,0.020000,False,cd4663fc-6ee2-4dda-8ed5-7906822ca402,SPY   261008C00779000
2026-10-08T19:05:00Z,hc,779,call,0.020000,0.020000,0.020000,0.020000,False,cd4663fc-6ee2-4dda-8ed5-7906822ca402,SPY   261008C00779000
2026-10-08T19:10:00Z,hc,779,call,0.020000,0.020000,0.020000,0.020000,False,cd4663fc-6ee2-4dda-8ed5-7906822ca402,SPY   261008C00779000
2026-10-08T19:15:00Z,hc,779,call,0.020000,0.020000,0.020000,0.020000,False,cd4663fc-6ee2-4dda-8ed5-7906822ca402,SPY   261008C00779000
2026-10-08T19:20:00Z,hc,779,call,0.020000,0.020000,0.020000,0.020000,False,cd4663fc-6ee2-4dda-8ed5-7906822ca402,SPY   261008C00779000
2026-10-08T19:25:00Z,hc,779,call,0.020000,0.020000,0.020000,0.020000,False,cd4663fc-6ee2-4dda-8ed5-7906822ca402,SPY   261008C00779000
2026-10-08T19:30:00Z,hc,779,call,0.020000,0.020000,0.010000,0.010000,False,cd4663fc-6ee2-4dda-8ed5-7906822ca402,SPY   261008C00779000
2026-10-08T19:35:00Z,hc,779,call,0.010000,0.010000,0.010000,0.010000,False,cd4663fc-6ee2-4dda-8ed5-7906822ca402,SPY   261008C00779000
2026-10-08T19:40:00Z,hc,779,call,0.010000,0.010000,0.010000,0.010000,False,cd4663fc-6ee2-4dda-8ed5-7906822ca402,SPY   261008C00779000
2026-10-08T19:45:00Z,hc,779,call,0.010000,0.010000,0.010000,0.010000,False,cd4663fc-6ee2-4dda-8ed5-7906822ca402,SPY   261008C00779000
2026-10-08T19:50:00Z,hc,779,call,0.010000,0.010000,0.010000,0.010000,False,cd4663fc-6ee2-4dda-8ed5-7906822ca402,SPY   261008C00779000
2026-10-08T19:55:00Z,hc,779,call,0.010000,0.010000,0.010000,0.010000,False,cd4663fc-6ee2-4dda-8ed5-7906822ca402,SPY   261008C00779000
