date,time_utc,open,high,low,close,source
2026-09-14,2026-09-14T13:40:00Z,17.65,17.65,17.42,17.42,robinhood get_index_historicals VIX 5minute
2026-09-15,2026-09-15T13:40:00Z,16.91,16.98,16.9,16.9,robinhood get_index_historicals VIX 5minute
2026-09-16,2026-09-16T13:40:00Z,16.93,16.99,16.87,16.95,robinhood get_index_historicals VIX 5minute
2026-09-17,2026-09-17T13:40:00Z,15.73,15.83,15.73,15.77,robinhood get_index_historicals VIX 5minute
2026-09-18,2026-09-18T13:40:00Z,15.28,15.28,15.21,15.26,robinhood get_index_historicals VIX 5minute
2026-09-21,2026-09-21T13:40:00Z,14.88,14.92,14.87,14.91,robinhood get_index_historicals VIX 5minute
2026-09-22,2026-09-22T13:40:00Z,14.73,14.73,14.69,14.71,robinhood get_index_historicals VIX 5minute
2026-09-23,2026-09-23T13:40:00Z,14.18,14.25,14.18,14.23,robinhood get_index_historicals VIX 5minute
2026-09-24,2026-09-24T13:40:00Z,15.71,15.78,15.7,15.75,robinhood get_index_historicals VIX 5minute
2026-09-25,2026-09-25T13:40:00Z,15.11,15.21,15.08,15.21,robinhood get_index_historicals VIX 5minute
2026-09-28,2026-09-28T13:40:00Z,16.09,16.14,16.03,16.07,robinhood get_index_historicals VIX 5minute
2026-09-29,2026-09-29T13:40:00Z,15.88,15.97,15.87,15.97,robinhood get_index_historicals VIX 5minute
2026-09-30,2026-09-30T13:40:00Z,15.76,15.79,15.69,15.78,robinhood get_index_historicals VIX 5minute
2026-10-01,2026-10-01T13:40:00Z,16.57,16.81,16.57,16.8,robinhood get_index_historicals VIX 5minute
2026-10-02,2026-10-02T13:40:00Z,15.7,15.74,15.67,15.69,robinhood get_index_historicals VIX 5minute
2026-10-05,2026-10-05T13:40:00Z,15.91,15.92,15.87,15.89,robinhood get_index_historicals VIX 5minute
2026-10-06,2026-10-06T13:40:00Z,15.36,15.41,15.36,15.4,robinhood get_index_historicals VIX 5minute
2026-10-07,2026-10-07T13:40:00Z,15.92,15.92,15.8,15.8,robinhood get_index_historicals VIX 5minute
2026-10-08,2026-10-08T13:40:00Z,15.41,15.52,15.41,15.51,robinhood get_index_historicals VIX 5minute
