run,window,is_start,is_end,oos_end,best_pullback_pct,best_rsi_buy,best_rsi_sell,best_target_delta,best_take_profit_x,is_sharpe,is_trades,is_qualifying_combos,fallback,oos_trades,oos_return,oos_sharpe,oos_max_dd,equity_end
TQQQ+UPRO,0,2020-01-01,2021-01-01,2021-03-31,1.0,45.0,55.0,0.45,3.0,0.33061909993917765,6,0,True,7,0.028143431486470583,1.2621620322459126,-0.02208985282120146,102814.34314864707
TQQQ+UPRO,1,2020-04-01,2021-04-01,2021-06-30,1.5,45.0,55.0,0.25,3.0,1.0942283562974195,13,72,False,2,-0.015213745197457662,-1.776063778488328,-0.025519644438667277,101250.15192933957
TQQQ+UPRO,2,2020-07-01,2021-07-01,2021-09-30,1.5,45.0,55.0,0.25,2.0,0.9985113150378455,15,81,False,4,0.014098455807586285,1.1460002858515288,-0.014007557327747056,102677.62272182676
TQQQ+UPRO,3,2020-10-01,2021-10-01,2021-12-31,1.5,45.0,55.0,0.25,3.0,1.2332639498635334,19,135,False,1,-0.0050845326356648846,-1.3394770956160338,-0.0050845326356648846,102155.55499814515
TQQQ+UPRO,4,2021-01-01,2022-01-01,2022-03-31,1.5,45.0,55.0,0.45,2.0,1.517697953463401,13,81,False,1,-0.005614439939188753,-2.8932388315447057,-0.005614439939188753,101582.00877015357
TQQQ+UPRO,5,2021-04-01,2022-04-01,2022-06-30,1.5,45.0,65.0,0.45,2.0,1.2960445447814053,8,54,False,1,-0.0074050653100042885,-2.314412879044008,-0.0074050653100042885,100829.78736088915
TQQQ+UPRO,6,2021-07-01,2022-07-01,2022-09-30,2.0,45.0,55.0,0.45,2.0,2.205945184428419,8,90,False,3,0.03535354848887451,1.6726759392796686,-0.008523285260609859,104394.47813747525
TQQQ+UPRO,7,2021-10-01,2022-10-01,2022-12-30,2.0,45.0,55.0,0.45,2.0,1.7280785194044004,10,108,False,0,0.0,0.0,0.0,104394.47813747525
TQQQ+UPRO,8,2022-01-01,2023-01-01,2023-03-31,1.0,35.0,55.0,0.45,2.0,1.58813775558212,9,108,False,0,0.0,0.0,0.0,104394.47813747525
TQQQ+UPRO,9,2022-04-01,2023-04-01,2023-06-30,1.0,35.0,55.0,0.45,2.0,1.7057180629766895,8,108,False,0,0.0,0.0,0.0,104394.47813747525
TQQQ+UPRO,10,2022-07-01,2023-07-01,2023-09-29,1.0,45.0,60.0,0.25,1.5,1.1871761391029114,10,72,False,2,0.013625393014656817,2.4476998432901094,-0.0016653970707850574,105816.89393065835
TQQQ+UPRO,11,2022-10-01,2023-10-01,2023-12-29,1.0,45.0,55.0,0.25,1.5,0.9588936969736647,11,54,False,2,0.0188271483325424,2.6989979332698857,0.0,107809.12428877976
TQQQ+UPRO,12,2023-01-01,2024-01-01,2024-03-28,1.0,45.0,55.0,0.25,1.5,1.2694776905234164,13,54,False,10,0.1164788253644653,3.9826660948292267,-0.011252638236321943,120366.60444950848
TQQQ+UPRO,13,2023-04-01,2024-04-01,2024-06-28,1.0,45.0,55.0,0.45,1.5,2.5801641843239103,19,135,False,5,0.02188320708237912,1.1576481441734596,-0.021304658733929727,123000.61178047989
TQQQ+UPRO,14,2023-07-01,2024-07-01,2024-09-30,1.0,40.0,55.0,0.45,2.0,2.6439744041332025,9,108,False,1,-0.009908597240608219,-2.631223801442423,-0.009908597240608219,121781.8482579987
TQQQ+UPRO,15,2023-10-01,2024-10-01,2024-12-31,1.0,40.0,55.0,0.45,2.0,2.412693925016135,10,108,False,1,-0.005382230397245169,-3.9099178000502417,-0.005382230397245169,121126.3902924718
TQQQ+UPRO,16,2024-01-01,2025-01-01,2025-03-31,1.0,40.0,55.0,0.35,3.0,2.0768020730309837,9,108,False,0,0.0,0.0,0.0,121126.3902924718
TQQQ+UPRO,17,2024-04-01,2025-04-01,2025-06-30,1.0,45.0,55.0,0.35,3.0,0.31632928790282083,12,27,False,9,0.038554539615011985,1.7515766432120623,-0.026728981948732966,125796.36250542631
TQQQ+UPRO,18,2024-07-01,2025-07-01,2025-09-30,1.5,45.0,60.0,0.25,1.5,0.8013824516544333,10,72,False,2,0.013707315926606345,1.8073355989080655,-0.006279875057511597,127520.6929887061
TQQQ+UPRO,19,2024-10-01,2025-10-01,2025-12-31,1.5,45.0,60.0,0.25,1.5,1.7721378330798592,9,63,False,2,-0.012287730376957962,-1.351858749475605,-0.01724870955241342,125953.75309577804
TQQQ+UPRO,20,2025-01-01,2026-01-01,2026-03-31,1.5,45.0,60.0,0.25,1.5,1.1731061422964346,9,72,False,0,0.0,0.0,0.0,125953.75309577804
TQQQ+UPRO,21,2025-04-01,2026-04-01,2026-06-30,1.5,45.0,60.0,0.25,1.5,1.1707541821273306,9,72,False,1,0.0048985596403234855,2.032522457682475,0.0,126570.74506724029
TQQQ+UPRO,22,2025-07-01,2026-07-01,2026-09-30,1.0,45.0,60.0,0.35,3.0,0.6844654527857829,10,27,False,3,-0.01321637132475928,-2.3700813115460355,-0.01750938001227187,124897.9391015802
TQQQ+UPRO,23,2025-10-01,2026-10-01,2026-10-06,1.0,45.0,60.0,0.35,1.5,-1.2096793340187524,9,30,False,0,0.0,0.0,0.0,124897.9391015802
TQQQ,0,2020-01-01,2021-01-01,2021-03-31,1.0,45.0,55.0,0.45,3.0,0.6132819496016619,3,0,True,4,0.007506983987654925,0.547170052385632,-0.013777766114159817,100750.6983987655
TQQQ,1,2020-04-01,2021-04-01,2021-06-30,1.0,45.0,55.0,0.25,2.0,0.8996096970660153,7,0,True,2,0.0010734355876582669,0.18603737309862414,-0.009103991666916889,100858.84778390815
TQQQ,2,2020-07-01,2021-07-01,2021-09-30,1.0,45.0,55.0,0.25,2.0,0.90116625397514,9,54,False,4,-0.0059750478934362805,-0.657436932947135,-0.025650265090683577,100256.21133792249
TQQQ,3,2020-10-01,2021-10-01,2021-12-31,1.5,45.0,55.0,0.25,2.0,0.898033907749587,12,54,False,1,-0.005207335452981909,-1.3393279876532507,-0.005207335452981909,99734.14361424088
TQQQ,4,2021-01-01,2022-01-01,2022-03-31,1.5,45.0,55.0,0.45,1.5,0.9068661197553465,10,54,False,1,-0.00575075101872824,-2.8932330701209903,-0.00575075101872824,99160.5973862493
TQQQ,5,2021-04-01,2022-04-01,2022-06-30,1.0,45.0,65.0,0.35,2.0,0.842277356996302,8,27,False,0,0.0,0.0,0.0,99160.5973862493
TQQQ,6,2021-07-01,2022-07-01,2022-09-30,1.0,45.0,55.0,0.35,3.0,1.2278960851961043,8,9,False,2,0.03507563195258401,1.6427718477898223,-0.0073904839318984505,102638.71800436774
TQQQ,7,2021-10-01,2022-10-01,2022-12-30,1.0,45.0,55.0,0.35,3.0,1.4552920622067766,6,0,True,0,0.0,0.0,0.0,102638.71800436774
TQQQ,8,2022-01-01,2023-01-01,2023-03-31,1.0,35.0,55.0,0.25,3.0,1.309256357561406,5,0,True,0,0.0,0.0,0.0,102638.71800436774
TQQQ,9,2022-04-01,2023-04-01,2023-06-30,1.0,35.0,55.0,0.35,3.0,1.43800398199436,4,0,True,0,0.0,0.0,0.0,102638.71800436774
TQQQ,10,2022-07-01,2023-07-01,2023-09-29,2.0,40.0,60.0,0.25,1.5,1.3711417777938566,2,0,True,0,0.0,0.0,0.0,102638.71800436774
TQQQ,11,2022-10-01,2023-10-01,2023-12-29,2.0,45.0,55.0,0.25,1.5,1.065787841470658,4,0,True,0,0.0,0.0,0.0,102638.71800436774
TQQQ,12,2023-01-01,2024-01-01,2024-03-28,1.0,45.0,55.0,0.25,1.5,1.2106149532278838,9,42,False,6,0.06621807830168014,2.61276715895294,-0.00809403542160625,109435.25666996502
TQQQ,13,2023-04-01,2024-04-01,2024-06-28,1.0,40.0,55.0,0.35,2.0,2.154795226366338,8,99,False,1,0.037562810397054225,1.8316253125078874,-0.00392485652318475,113545.95246701187
TQQQ,14,2023-07-01,2024-07-01,2024-09-30,1.5,45.0,55.0,0.35,1.5,2.1350376941275493,11,81,False,2,-0.014985275876824966,-2.602314266207764,-0.014985275876824966,111844.43504459684
TQQQ,15,2023-10-01,2024-10-01,2024-12-31,1.0,45.0,55.0,0.25,2.0,2.0051537381407467,13,72,False,1,-0.00849680924415197,-1.6904539410444523,-0.009910806229870728,110894.11421500296
TQQQ,16,2024-01-01,2025-01-01,2025-03-31,1.5,45.0,55.0,0.25,2.0,1.6317613735175553,11,72,False,0,0.0,0.0,0.0,110894.11421500296
TQQQ,17,2024-04-01,2025-04-01,2025-06-30,1.0,40.0,55.0,0.25,1.5,0.9207011388936047,1,0,True,2,0.001568309467599116,0.3675482766139718,-0.005298777062751281,111068.03050422737
TQQQ,18,2024-07-01,2025-07-01,2025-09-30,1.0,45.0,55.0,0.35,3.0,0.10797358245749737,8,12,False,1,0.023775522945510552,2.6412214326489525,-0.005529714478414327,113708.7310119933
TQQQ,19,2024-10-01,2025-10-01,2025-12-31,2.0,45.0,60.0,0.25,1.5,1.42489234102624,2,0,True,1,-0.007044404568267493,-1.1570990749726562,-0.011251522297104355,112907.72070780052
TQQQ,20,2025-01-01,2026-01-01,2026-03-31,1.0,45.0,55.0,0.45,3.0,1.2758291119734055,7,0,True,0,0.0,0.0,0.0,112907.72070780052
TQQQ,21,2025-04-01,2026-04-01,2026-06-30,1.0,45.0,55.0,0.45,3.0,1.2732686502496888,7,0,True,1,-0.005832943157556669,-2.8761865561003783,-0.005832943157556669,112249.13639086264
TQQQ,22,2025-07-01,2026-07-01,2026-09-30,1.0,45.0,60.0,0.45,3.0,0.885197821984967,2,0,True,1,-0.005921402911986395,-2.7741594052169947,-0.005921402911986395,111584.46402776982
TQQQ,23,2025-10-01,2026-10-01,2026-10-06,1.0,45.0,60.0,0.35,1.5,-1.116106640561579,2,0,True,0,0.0,0.0,0.0,111584.46402776982
UPRO,0,2020-01-01,2021-01-01,2021-03-31,1.0,40.0,55.0,0.45,1.5,0.02566569433444199,2,0,True,2,0.010304869070164813,2.922557720723264,0.0,101030.48690701647
UPRO,1,2020-04-01,2021-04-01,2021-06-30,1.0,45.0,55.0,0.35,1.5,0.7972527374640032,8,6,False,1,-0.005871672248747295,-1.2215055477357495,-0.008164407187543632,100437.26900076712
UPRO,2,2020-07-01,2021-07-01,2021-09-30,1.0,45.0,55.0,0.45,1.5,1.1527619445149453,8,21,False,2,0.003422705069018095,0.7076838783740759,-0.004720174190197768,100781.03615049437
UPRO,3,2020-10-01,2021-10-01,2021-12-31,1.0,45.0,55.0,0.45,2.0,1.8197609902722747,9,27,False,0,0.0,0.0,0.0,100781.03615049437
UPRO,4,2021-01-01,2022-01-01,2022-03-31,1.5,45.0,55.0,0.45,2.0,2.4503316645019453,3,0,True,0,0.0,0.0,0.0,100781.03615049437
UPRO,5,2021-04-01,2022-04-01,2022-06-30,1.5,40.0,55.0,0.35,3.0,1.557555983686651,1,0,True,3,0.039546195859343714,2.89057748680998,-0.016231926984658585,104766.54274500941
UPRO,6,2021-07-01,2022-07-01,2022-09-30,1.5,40.0,55.0,0.45,2.0,2.4370421386620245,4,0,True,1,0.001074803984288275,0.7175515617011609,-0.0027913138974150487,104879.14624257186
UPRO,7,2021-10-01,2022-10-01,2022-12-30,1.0,35.0,55.0,0.45,2.0,2.0530559328146993,4,0,True,0,0.0,0.0,0.0,104879.14624257186
UPRO,8,2022-01-01,2023-01-01,2023-03-31,1.0,35.0,55.0,0.45,2.0,2.057210585091513,4,0,True,0,0.0,0.0,0.0,104879.14624257186
UPRO,9,2022-04-01,2023-04-01,2023-06-30,1.0,35.0,55.0,0.45,2.0,2.057210585091513,4,0,True,0,0.0,0.0,0.0,104879.14624257186
UPRO,10,2022-07-01,2023-07-01,2023-09-29,2.0,45.0,60.0,0.25,1.5,1.2880390468169538,2,0,True,0,0.0,0.0,0.0,104879.14624257186
UPRO,11,2022-10-01,2023-10-01,2023-12-29,2.0,45.0,55.0,0.25,1.5,1.2906296015032033,2,0,True,0,0.0,0.0,0.0,104879.14624257186
UPRO,12,2023-01-01,2024-01-01,2024-03-28,2.0,45.0,55.0,0.25,1.5,1.2906296015032033,2,0,True,0,0.0,0.0,0.0,104879.14624257186
UPRO,13,2023-04-01,2024-04-01,2024-06-28,1.0,45.0,55.0,0.45,3.0,2.7442622508628394,6,0,True,2,0.001679214879911628,0.23136215824044662,-0.012249942357137944,105055.26086553482
UPRO,14,2023-07-01,2024-07-01,2024-09-30,1.0,45.0,55.0,0.45,3.0,2.2441483821999046,6,0,True,1,-0.008700874514326773,-2.6314891047364695,-0.008700874514326773,104141.18822367393
UPRO,15,2023-10-01,2024-10-01,2024-12-31,1.0,45.0,55.0,0.35,3.0,2.0367722308976246,7,0,True,2,0.018137093209055655,1.8901919424075084,-0.004489351512965811,106030.00666138851
UPRO,16,2024-01-01,2025-01-01,2025-03-31,1.0,45.0,55.0,0.35,3.0,2.215857108697835,9,27,False,1,-0.005848579256465869,-2.568626306052047,-0.005848579256465869,105409.88176386578
UPRO,17,2024-04-01,2025-04-01,2025-06-30,1.5,45.0,55.0,0.35,3.0,0.8895845100253104,2,0,True,4,0.013280480101969472,1.2681616461589047,-0.01609335060167494,106809.77560118175
UPRO,18,2024-07-01,2025-07-01,2025-09-30,1.0,45.0,55.0,0.35,3.0,0.586105900512058,8,9,False,3,0.01848276040908159,2.1576955710944605,-0.007941057979243493,108783.91509296617
UPRO,19,2024-10-01,2025-10-01,2025-12-31,1.0,45.0,60.0,0.45,3.0,1.9435581985736707,8,27,False,3,-0.0213252161108215,-3.3306950541510703,-0.02191695595998233,106464.07459422741
UPRO,20,2025-01-01,2026-01-01,2026-03-31,1.0,45.0,60.0,0.45,3.0,0.6437077241322338,9,27,False,1,-0.002367769768441663,-0.5858280999135589,-0.008571898278628809,106211.99217697808
UPRO,21,2025-04-01,2026-04-01,2026-06-30,1.0,45.0,60.0,0.35,1.5,0.8173180115367664,9,27,False,1,0.005401235146528238,2.6062567841370887,-0.00023299086187977824,106785.66812210716
UPRO,22,2025-07-01,2026-07-01,2026-09-30,1.0,45.0,60.0,0.35,1.5,0.5595520655852264,8,27,False,2,-0.005415819826972479,-1.5507826508071592,-0.009777314486969613,106207.33618345496
UPRO,23,2025-10-01,2026-10-01,2026-10-06,1.0,45.0,55.0,0.45,1.5,-1.230519289952607,8,9,False,0,0.0,0.0,0.0,106207.33618345496
