signal_date,entry_date,exit_date,symbol,type,strike,expiry,qty,entry_price,exit_price,pnl,pnl_pct_equity,reason,signal_score,hold_days,dte_entry,iv_entry,equity_at_entry
2020-10-19,2020-10-20,2020-10-22,TQQQ,call,18.0,2020-10-23,36,0.27147692568236986,0.05001754273811565,-844.0537785993151,-0.008440537785993152,stop_loss,0.6,2,3.0,0.8068754997370808,100000.0
2020-10-19,2020-10-20,2020-10-21,UPRO,call,31.0,2020-10-23,20,0.4924057357495722,0.2371641644985374,-536.4831425020697,-0.005364831425020696,stop_loss,0.6,1,3.0,0.8107891286176172,100000.0
2020-12-14,2020-12-15,2020-12-17,UPRO,call,37.0,2020-12-18,17,0.5640300910063265,0.8056921676339079,388.7255302668884,0.003941671533497359,time_stop,0.6,2,3.0,0.7010866068060863,98619.46307889861
2021-01-04,2021-01-05,2021-01-06,TQQQ,call,22.0,2021-01-08,23,0.41727512748687895,0.18841173626825863,-556.2857998028268,-0.005618583751681016,stop_loss,0.6,1,3.0,0.7709689365361007,99008.1886091655
2021-02-22,2021-02-23,2021-02-24,UPRO,call,42.5,2021-02-26,17,0.5626955043708319,1.5655444123412505,1682.7431435497115,0.01709203271376167,take_profit,0.6,1,3.0,0.6620527891447903,98451.90280936268
2021-05-03,2021-05-04,2021-05-04,TQQQ,call,26.5,2021-05-07,40,0.24745775332451184,0.0685288635507911,-767.715559094883,-0.007666832511255854,stop_loss,0.6,0,3.0,0.5197922109523492,100134.64595291238
2021-07-16,2021-07-19,2021-07-20,TQQQ,call,31.0,2021-07-23,21,0.465233928292202,1.0408753804448476,1181.547049520556,0.011890747201687438,take_profit,0.6,1,4.0,0.5346569972116259,99366.9303938175
2021-07-16,2021-07-19,2021-07-20,UPRO,call,57.0,2021-07-23,12,0.7783845340689215,1.6184006655975816,992.419357834392,0.00998742090453203,take_profit,0.6,1,4.0,0.5312842219064732,99366.9303938175
2021-09-10,2021-09-13,2021-09-13,TQQQ,call,38.0,2021-09-17,17,0.5689780692736583,0.23457110389496774,-590.5918411437741,-0.005816295303164535,stop_loss,0.6,0,4.0,0.5988286813349795,101540.89680117245
2021-09-13,2021-09-14,2021-09-14,TQQQ,call,37.5,2021-09-17,22,0.44167917750783775,0.1900966999974395,-582.0814505228761,-0.005766019733703148,stop_loss,0.6,0,3.0,0.5547652952245872,100950.30496002868
2022-01-31,2022-02-01,2022-02-02,TQQQ,put,30.5,2022-02-04,15,0.6594035879391388,0.2667680279552036,-608.4533399759027,-0.006062210913977934,stop_loss,-0.6,1,3.0,0.8583454264032786,100368.2235095058
2022-06-27,2022-06-28,2022-06-28,UPRO,put,37.5,2022-07-01,11,0.855316293602069,1.773422871077906,995.617235223421,0.009980147644000056,take_profit,-0.6,0,3.0,0.9728929318043861,99759.7701695299
2022-09-09,2022-09-12,2022-09-13,TQQQ,put,15.0,2022-09-16,25,0.3921997455538635,2.0128205506414125,4019.052012718872,0.03988920211852876,take_profit,-0.6,1,4.0,0.7226915759141014,100755.38740475332
2023-02-17,2023-02-21,2023-02-21,UPRO,call,38.0,2023-02-24,19,0.5242620965938085,0.21976178589807518,-603.2505903218934,-0.005757612196981082,stop_loss,0.6,0,3.0,0.5777402226008131,104774.4394174722
2023-04-12,2023-04-13,2023-04-13,TQQQ,call,14.0,2023-04-21,63,0.1643254854009264,0.3390955164806852,1019.1511958024803,0.009783426754335526,take_profit,0.6,0,8.0,0.5309769848034904,104171.1888271503
2023-04-24,2023-04-25,2023-04-25,TQQQ,call,13.5,2023-04-28,108,0.09702228673517452,0.013099386086763627,-1046.7673270028376,-0.009951173527668326,stop_loss,0.6,0,3.0,0.47648716916130934,105190.34002295278
2023-06-26,2023-06-27,2023-06-27,TQQQ,call,19.0,2023-06-30,39,0.2639152297089259,0.7038175934407883,1664.9192185542636,0.01598676879863764,take_profit,0.6,0,3.0,0.4236453294804884,104143.57269594994
2023-06-26,2023-06-27,2023-06-27,UPRO,call,45.0,2023-06-30,32,0.3205820905091278,0.7851196113655635,1444.9200667405944,0.013874308604325288,take_profit,0.6,0,3.0,0.408660910054444,104143.57269594994
2023-12-04,2023-12-05,2023-12-05,TQQQ,call,21.5,2023-12-08,67,0.15805247664586922,0.37560021515993747,1370.469848044257,0.012777867134743541,take_profit,0.6,0,3.0,0.37839660258558944,107253.4119812448
2024-01-02,2024-01-03,2024-01-04,TQQQ,call,24.0,2024-01-12,26,0.4141218326407591,0.16657296763457943,-677.427049016067,-0.006236446696691403,stop_loss,0.6,1,9.0,0.38720229512876236,108623.88182928905
2024-01-03,2024-01-04,2024-01-11,UPRO,call,54.0,2024-01-12,18,0.5999001456648799,0.9249154628527622,561.627570938188,0.005184099480787228,time_stop,0.6,5,8.0,0.4022366058421776,108336.5728261261
2024-01-31,2024-02-01,2024-02-02,TQQQ,call,27.5,2024-02-09,32,0.3345365500524624,1.356176801602039,3227.648804958645,0.029745699444872896,take_profit,0.6,1,8.0,0.4121312990360734,108508.08235121118
2024-02-20,2024-02-21,2024-02-22,TQQQ,call,28.5,2024-03-01,28,0.38913965780682763,1.8007566414170368,3916.127554108586,0.035048122150246885,take_profit,0.6,1,9.0,0.4412335315066776,111735.73115616982
2024-05-31,2024-06-03,2024-06-05,TQQQ,call,32.5,2024-06-07,44,0.25827051349096963,1.2500076080259324,4306.443215953836,0.03723626463057534,take_profit,0.6,2,4.0,0.3729883843923955,115651.85871027841
2024-07-18,2024-07-19,2024-07-23,UPRO,call,82.0,2024-07-26,10,1.1176266030359365,0.5020634926969686,-628.5631103389678,-0.005239846682103749,stop_loss,0.6,2,7.0,0.4574846998877563,119958.30192623225
2025-05-23,2025-05-27,2025-05-29,UPRO,call,81.0,2025-05-30,13,0.8872754345300656,0.5164572293932703,-498.9636666778339,-0.004181385726886196,time_stop,0.6,2,3.0,0.6245177951253184,119329.73881589327
2025-06-20,2025-06-23,2025-06-24,UPRO,call,84.0,2025-06-27,9,1.2987502897354077,3.5599522644215003,2023.3817772174832,0.01702742218652305,take_profit,0.6,1,4.0,0.5918489512692895,118830.77514921545
2025-11-04,2025-11-05,2025-11-07,UPRO,call,119.0,2025-11-14,5,2.103498482949942,0.9385438262048,-588.9773283725709,-0.0048734552732935515,stop_loss,0.6,2,9.0,0.5402365717727704,120854.15692643292
