date,spy_open,spot,vol,exp_move,lp,sp,sc,lc,mv_1020,mv_close,day_hi,day_lo,short_touched,trend_move,trend_limit,data,entry_t,credit,fill,px_sp,px_lp,px_sc,px_lc,decision_A,reason_A,C_exit_t,C_exit_reason,C_exit_debit,C_exit_fill,C_pnl,C_worst_debit,C_max_loss_wide_wing,C_target_debit,C2_exit_t,C2_exit_reason,C2_exit_debit,C2_exit_fill,C2_pnl,C2_worst_debit,C2_max_loss_wide_wing,C2_target_debit,flags,interp_bars,straddle,straddle_sigma,half_sigma_strangle
2026-09-14,759.0,759.39,17.42,8.27,746.0,751.0,768.0,771.0,0.45,1.38,763.52,757.93,,0.39,4.13,10m,09:50,0.03,0.01,0.06,0.04,0.03,0.02,SKIP,credit 0.03 < 0.30,10:20,time,0.02,0.04,-3.32,0.04,499.32,0.0075,15:20,target,-0.0,0.02,-1.32,0.04,499.32,0.0075,,,,,
2026-09-15,760.13,759.95,16.9,8.03,746.0,751.0,768.0,771.0,-1.74,-2.57,760.19,756.15,,-0.18,4.01,10m,09:50,0.06,0.04,0.07,0.03,0.03,0.01,SKIP,credit 0.06 < 0.30,10:20,time,0.07,0.09,-5.32,0.07,496.32,0.03,11:30,target,0.03,0.05,-1.32,0.09,496.32,0.03,,,,,
2026-09-16,759.5,758.79,,,,,,,,,,,,,,-,,,,,,,,SKIP,"event day: FOMC decision (Sep 15-16 meeting; not in the bot's Oct-Nov list, added here)",,,,,,,,,,,,,,,,,,,,,
2026-09-17,763.16,760.93,15.77,7.5,748.0,753.0,769.0,772.0,0.55,1.71,763.57,759.96,,-2.23,3.75,10m,09:50,0.07,0.05,0.09,0.04,0.04,0.02,SKIP,credit 0.07 < 0.30,10:20,time,0.05,0.07,-2.32,0.08,495.32,0.0375,10:30,target,0.03,0.05,-0.32,0.08,495.32,0.0375,,,,,
2026-09-18,761.31,760.9,15.26,7.26,748.0,753.0,769.0,772.0,-1.54,0.74,762.0,757.97,,-0.4,3.63,10m,09:50,0.05,0.03,0.07,0.03,0.03,0.02,SKIP,credit 0.05 < 0.30,10:20,time,0.08,0.1,-7.32,0.08,497.32,0.0225,11:30,target,0.02,0.04,-1.32,0.08,497.32,0.0225,,,,,
2026-09-21,766.31,766.86,14.91,7.15,754.0,759.0,775.0,778.0,1.56,6.67,774.89,766.82,,0.55,3.57,10m,09:50,0.03,0.01,0.05,0.03,0.02,0.01,SKIP,credit 0.03 < 0.30,10:20,time,0.02,0.04,-3.32,0.02,499.32,0.0075,15:40,time,0.32,0.34,-33.32,0.32,499.32,0.0075,,,,,
2026-09-22,774.01,774.61,14.71,7.12,762.0,767.0,782.0,785.0,-0.78,-1.21,774.93,772.59,,0.6,3.56,10m,09:50,0.05,0.03,0.06,0.03,0.05,0.03,SKIP,credit 0.05 < 0.30,10:20,time,0.05,0.07,-4.32,0.06,497.32,0.0225,11:50,target,0.02,0.04,-1.32,0.06,497.32,0.0225,,,,,
2026-09-23,772.78,771.91,14.23,6.87,760.0,765.0,779.0,782.0,-2.78,-4.16,771.97,766.5,,-0.87,3.43,10m,09:50,0.07,0.05,0.09,0.03,0.03,0.02,SKIP,credit 0.07 < 0.30,10:20,time,0.18,0.2,-15.32,0.18,495.32,0.0375,14:20,target,0.03,0.05,-0.32,0.25,495.32,0.0375,,,,,
2026-09-24,764.07,764.64,15.75,7.53,752.0,757.0,773.0,776.0,1.56,2.62,768.95,763.26,,0.57,3.76,10m,09:50,0.07,0.05,0.08,0.03,0.05,0.03,SKIP,credit 0.07 < 0.30,10:20,time,0.05,0.07,-2.32,0.06,495.32,0.0375,12:20,target,0.02,0.04,0.68,0.07,495.32,0.0375,,,,,
2026-09-25,768.76,769.49,15.21,7.31,757.0,762.0,777.0,780.0,-2.47,1.81,772.28,766.29,,0.73,3.66,10m,09:50,0.05,0.03,0.07,0.03,0.04,0.03,SKIP,credit 0.05 < 0.30,10:20,time,0.22,0.24,-21.32,0.22,497.32,0.0225,13:00,target,0.02,0.04,-1.32,0.22,497.32,0.0225,,,,,
2026-09-28,768.38,767.63,16.07,7.71,754.0,759.0,776.0,779.0,-0.13,-2.07,769.54,763.72,,-0.75,3.85,10m,09:50,0.05,0.03,0.06,0.03,0.05,0.03,SKIP,credit 0.05 < 0.30,10:20,time,0.03,0.05,-2.32,0.04,497.32,0.0225,12:40,target,0.02,0.04,-1.32,0.15,497.32,0.0225,,,,,
2026-09-29,766.81,765.12,15.97,7.64,752.0,757.0,773.0,776.0,0.26,-0.88,765.75,762.35,,-1.69,3.82,5m,09:45,0.09,0.07,0.09,0.03,0.06,0.03,SKIP,credit 0.09 < 0.30,10:00,target,0.05,0.07,-0.32,0.08,493.32,0.0525,10:00,target,0.05,0.07,-0.32,0.08,493.32,0.0525,,,3.07,3.85,0.66
2026-09-30,766.37,766.66,15.78,7.56,754.0,759.0,775.0,778.0,2.09,-4.3,769.41,762.2,,0.29,3.78,5m,09:45,0.1,0.08,0.12,0.04,0.05,0.03,SKIP,credit 0.10 < 0.30,10:20,time,0.07,0.09,-1.32,0.09,492.32,0.06,10:25,target,0.05,0.07,0.68,0.09,492.32,0.06,,,3.02,3.79,0.53
2026-10-01,764.36,763.41,16.8,8.02,750.0,755.0,772.0,775.0,-2.84,0.62,765.65,759.0,,-0.95,4.01,5m,09:45,0.14,0.12,0.13,0.03,0.07,0.03,SKIP,credit 0.14 < 0.30,10:20,time,0.25,0.27,-15.32,0.4,488.32,0.09,12:00,target,0.09,0.11,0.68,0.4,488.32,0.09,,,3.69,4.62,0.84
2026-10-02,770.57,771.62,,,,,,,,,,,,,,-,,,,,,,,SKIP,event day: NFP,,,,,,,,,,,,,,,,,,,,,
2026-10-05,769.69,770.64,15.89,7.65,757.0,762.0,779.0,782.0,1.78,4.29,776.61,769.98,,0.95,3.83,5m,09:45,0.04,0.02,0.06,0.03,0.02,0.01,SKIP,credit 0.04 < 0.30,10:20,time,0.04,0.06,-4.32,0.04,498.32,0.015,14:50,target,0.01,0.03,-1.32,0.04,498.32,0.015,,,2.57,3.22,0.34
2026-10-06,778.16,778.65,15.4,7.49,766.0,771.0,787.0,790.0,0.99,0.49,781.62,778.43,,0.49,3.75,5m,09:45,0.04,0.02,0.06,0.03,0.02,0.01,SKIP,credit 0.04 < 0.30,10:20,time,0.04,0.06,-4.32,0.05,498.32,0.015,13:40,target,0.01,0.03,-1.32,0.05,498.32,0.015,,,2.43,3.05,0.27
2026-10-07,775.75,774.64,15.8,7.65,761.0,766.0,783.0,786.0,0.07,2.53,779.1,773.61,,-1.11,3.82,5m,09:45,0.05,0.03,0.07,0.03,0.03,0.02,SKIP,credit 0.05 < 0.30,10:20,time,0.03,0.05,-2.32,0.06,497.32,0.0225,10:25,target,0.02,0.04,-1.32,0.06,497.32,0.0225,,,2.87,3.6,0.46
2026-10-08,774.85,774.62,15.51,7.51,762.0,767.0,783.0,786.0,1.31,-0.74,777.09,770.43,,-0.23,3.75,5m,09:45,0.05,0.03,0.07,0.03,0.03,0.02,SKIP,credit 0.05 < 0.30,10:20,target,0.02,0.04,-1.32,0.05,497.32,0.0225,10:20,target,0.02,0.04,-1.32,0.05,497.32,0.0225,,"lp 10:35, sc 12:00, lc 10:35",2.48,3.11,0.33
