underlying,expiration,strike,type,bid,ask,mark,iv,delta,gamma,theta,vega,rho,open_interest,volume,chance_of_profit_long,updated_at
SPY,2026-10-09,715,call,61.8,63.7,62.75,0.404641,0.996957,0.000395,-0.131251,0.005491,0.041375,19,39,0.493724,2026-10-07T17:22:35.578732846Z
SPY,2026-10-09,715,put,0.02,0.03,0.025,0.417158,-0.003887,0.000459,-0.066964,0.006841,-0.000177,3010,55,0.004253,2026-10-07T17:22:33.707796485Z
SPY,2026-10-09,720,call,57.05,58.71,57.88,0.470802,0.984925,0.001373,-0.328601,0.022537,0.041114,31,69,0.490878,2026-10-07T17:22:35.578253271Z
SPY,2026-10-09,720,put,0.02,0.03,0.025,0.386015,-0.00418,0.000537,-0.066111,0.007302,-0.00019,2380,13,0.004538,2026-10-07T17:22:33.707991523Z
SPY,2026-10-09,721,call,55.79,57.71,56.75,0.365749,0.996851,0.000426,-0.128351,0.005663,0.041718,20,58,0.494302,2026-10-07T17:22:35.578597751Z
SPY,2026-10-09,721,put,0.02,0.03,0.025,0.379756,-0.004242,0.000525,-0.065891,0.007399,-0.000193,1069,22,0.004598,2026-10-07T17:22:33.708236727Z
SPY,2026-10-09,722,call,55.07,56.71,55.89,0.460222,0.983743,0.001483,-0.339457,0.024044,0.041176,64,94,0.490847,2026-10-07T17:22:35.578402859Z
SPY,2026-10-09,722,put,0.02,0.03,0.025,0.373498,-0.004306,0.000581,-0.065669,0.007498,-0.000196,981,2493,0.00466,2026-10-07T17:22:33.707486541Z
SPY,2026-10-09,723,call,54.07,55.8,54.935,0.471547,0.97977,0.001762,-0.400422,0.028969,0.041052,14,14,0.490014,2026-10-07T17:22:35.992050967Z
SPY,2026-10-09,723,put,0.02,0.03,0.025,0.367388,-0.004385,0.000642,-0.06565,0.007621,-0.0002,1469,11541,0.004738,2026-10-07T17:22:33.708191481Z
SPY,2026-10-09,724,call,52.83,54.71,53.77,0.372902,0.99436,0.000723,-0.163491,0.009536,0.041779,10,44,0.493835,2026-10-07T17:22:35.65724826Z
SPY,2026-10-09,724,put,0.02,0.03,0.025,0.36113,-0.004453,0.000622,-0.065424,0.007728,-0.000203,1431,1403,0.004804,2026-10-07T17:22:35.644780256Z
SPY,2026-10-09,725,call,51.83,53.62,52.725,,,,,,,219,73,,2026-10-07T17:22:35.599423888Z
SPY,2026-10-09,725,put,0.02,0.03,0.025,0.354871,-0.004524,0.000683,-0.065195,0.007837,-0.000206,46341,1498,0.004873,2026-10-07T17:22:33.707481672Z
SPY,2026-10-09,726,call,51,52.72,51.86,0.417605,0.985342,0.001501,-0.295734,0.021999,0.041483,41,69,0.491758,2026-10-07T17:22:35.578607748Z
SPY,2026-10-09,726,put,0.02,0.03,0.025,0.348613,-0.004598,0.000605,-0.064963,0.007951,-0.000209,1026,471,0.004944,2026-10-07T17:22:33.708241507Z
SPY,2026-10-09,727,call,50.07,51.72,50.895,0.426695,0.981742,0.00177,-0.346052,0.026551,0.041376,26,10,0.49103,2026-10-07T17:22:36.629383408Z
SPY,2026-10-09,727,put,0.02,0.03,0.025,0.342354,-0.004674,0.000626,-0.064729,0.008068,-0.000213,1863,24,0.005018,2026-10-07T17:22:33.708136643Z
SPY,2026-10-09,728,call,48.83,50.41,49.62,,,,,,,485,12,,2026-10-07T17:22:35.6981434Z
SPY,2026-10-09,728,put,0.02,0.03,0.025,0.336096,-0.004752,0.000715,-0.064494,0.008189,-0.000216,2557,6,0.005095,2026-10-07T17:22:35.627705252Z
SPY,2026-10-09,729,call,48.09,49.72,48.905,0.415221,0.980359,0.001944,-0.355635,0.028252,0.041429,107,58,0.490973,2026-10-07T17:22:35.578677985Z
SPY,2026-10-09,729,put,0.02,0.03,0.025,0.329837,-0.004834,0.000703,-0.064257,0.008315,-0.00022,1842,213,0.005174,2026-10-07T17:22:33.708301555Z
SPY,2026-10-09,730,call,47.09,48.66,47.875,0.396594,0.982623,0.001834,-0.317355,0.025454,0.041591,289,186,0.491638,2026-10-07T17:22:35.609093185Z
SPY,2026-10-09,730,put,0.03,0.04,0.035,0.334159,-0.006201,0.000849,-0.081212,0.010374,-0.000282,6144,139,0.006621,2026-10-07T17:22:35.584975141Z
SPY,2026-10-09,731,call,46.09,47.81,46.95,0.412986,0.976436,0.002267,-0.399812,0.032953,0.041366,10,18,0.490341,2026-10-07T17:22:32.875553084Z
SPY,2026-10-09,731,put,0.03,0.04,0.035,0.327751,-0.006314,0.000921,-0.08093,0.010541,-0.000287,3324,0,0.006731,2026-10-07T17:22:35.585515971Z
SPY,2026-10-09,732,call,45.06,46.72,45.89,0.385419,0.981165,0.002009,-0.327197,0.027264,0.041641,67,22,0.491565,2026-10-07T17:22:35.578470067Z
SPY,2026-10-09,732,put,0.03,0.04,0.035,0.321344,-0.006433,0.000895,-0.080648,0.010716,-0.000293,611,5,0.006846,2026-10-07T17:22:35.585305119Z
SPY,2026-10-09,733,call,43.81,45.72,44.765,0.313148,0.993698,0.000956,-0.158282,0.010524,0.042272,66,16,0.494648,2026-10-07T17:22:35.750198739Z
SPY,2026-10-09,733,put,0.03,0.04,0.035,0.314936,-0.006556,0.000971,-0.080368,0.010897,-0.000298,1291,193,0.006966,2026-10-07T17:22:35.58896514Z
SPY,2026-10-09,734,call,43.35,44.39,43.87,0.362918,0.982435,0.00203,-0.299578,0.025689,0.041815,226,18,0.492118,2026-10-07T17:22:35.618533502Z
SPY,2026-10-09,734,put,0.03,0.04,0.035,0.308529,-0.006685,0.000997,-0.080089,0.011087,-0.000304,2119,620,0.007092,2026-10-07T17:22:35.642615263Z
SPY,2026-10-09,735,call,42.41,43.45,42.93,0.375882,0.976574,0.002487,-0.369995,0.032791,0.041605,1206,40,0.490929,2026-10-07T17:22:35.699768432Z
SPY,2026-10-09,735,put,0.03,0.04,0.035,0.302121,-0.00682,0.001103,-0.079812,0.011285,-0.00031,10639,280,0.007224,2026-10-07T17:22:35.588300319Z
SPY,2026-10-09,736,call,41.08,42.61,41.845,0.340119,0.983875,0.002014,-0.271572,0.023877,0.041998,327,30,0.492702,2026-10-07T17:22:35.698768376Z
SPY,2026-10-09,736,put,0.03,0.04,0.035,0.295565,-0.006938,0.001121,-0.079258,0.011457,-0.000316,2240,22,0.007337,2026-10-07T17:22:35.585175193Z
SPY,2026-10-09,737,call,39.85,41.73,40.79,0.302121,0.990577,0.001424,-0.187567,0.014993,0.042362,25,12,0.494348,2026-10-07T17:22:36.541147889Z
SPY,2026-10-09,737,put,0.03,0.04,0.035,0.289157,-0.007086,0.001149,-0.078985,0.011673,-0.000322,2033,4521,0.007481,2026-10-07T17:22:33.708312024Z
SPY,2026-10-09,738,call,39.1,40.73,39.915,0.349805,0.976201,0.002708,-0.353745,0.033229,0.041763,92,30,0.491267,2026-10-07T17:22:35.578259124Z
SPY,2026-10-09,738,put,0.03,0.04,0.035,0.28275,-0.007242,0.001148,-0.078716,0.011899,-0.000329,4423,583,0.007633,2026-10-07T17:22:33.708181523Z
SPY,2026-10-09,739,call,37.83,39.11,38.47,,,,,,,141,75,,2026-10-07T17:22:35.600503083Z
SPY,2026-10-09,739,put,0.03,0.04,0.035,0.276342,-0.007407,0.001255,-0.078452,0.012137,-0.000337,2218,113,0.007794,2026-10-07T17:22:33.707846587Z
SPY,2026-10-09,740,call,37.09,38.61,37.85,0.310913,0.98263,0.002326,-0.266969,0.025446,0.042174,1043,52,0.492946,2026-10-07T17:22:35.59834334Z
SPY,2026-10-09,740,put,0.03,0.04,0.035,0.269786,-0.007552,0.001265,-0.077901,0.012347,-0.000343,9482,2809,0.007934,2026-10-07T17:22:33.707912016Z
SPY,2026-10-09,741,call,35.84,37.16,36.5,,,,,,,173,22,,2026-10-07T17:22:35.596468415Z
SPY,2026-10-09,741,put,0.04,0.05,0.045,0.27068,-0.009226,0.001551,-0.093158,0.014719,-0.000419,3353,517,0.009666,2026-10-07T17:22:35.584771103Z
SPY,2026-10-09,742,call,34.85,36.74,35.795,0.27366,0.988285,0.001884,-0.198081,0.018126,0.042548,94,13,0.494425,2026-10-07T17:22:36.630859193Z
SPY,2026-10-09,742,put,0.04,0.05,0.045,0.263974,-0.009419,0.001601,-0.092489,0.014988,-0.000428,20902,3007,0.009851,2026-10-07T17:22:35.628250382Z
SPY,2026-10-09,743,call,34.09,35.74,34.915,0.311211,0.973736,0.003293,-0.344855,0.036092,0.041942,41,20,0.49143,2026-10-07T17:22:36.554238045Z
SPY,2026-10-09,743,put,0.04,0.05,0.045,0.257418,-0.009657,0.001657,-0.092165,0.015319,-0.000439,1936,687,0.010084,2026-10-07T17:22:35.585795934Z
SPY,2026-10-09,744,call,32.86,34.74,33.8,0.259802,0.987781,0.002066,-0.196461,0.0188,0.042642,55,61,0.49456,2026-10-07T17:22:36.096725508Z
SPY,2026-10-09,744,put,0.04,0.05,0.045,0.250712,-0.009875,0.001786,-0.091506,0.015621,-0.000449,2502,134,0.010294,2026-10-07T17:22:35.585705163Z
SPY,2026-10-09,745,call,32.08,33.43,32.755,0.224784,0.994123,0.001266,-0.13437,0.009892,0.042988,1740,22,0.496058,2026-10-07T17:22:35.725183521Z
SPY,2026-10-09,745,put,0.04,0.05,0.045,0.244156,-0.010145,0.001845,-0.091205,0.015992,-0.000461,53168,7401,0.010556,2026-10-07T17:22:35.585135195Z
SPY,2026-10-09,746,call,31.65,32.43,32.04,0.314787,0.959858,0.004628,-0.459271,0.051209,0.041483,159,14,0.488855,2026-10-07T17:22:35.591647833Z
SPY,2026-10-09,746,put,0.04,0.05,0.045,0.23745,-0.010393,0.001959,-0.090564,0.016333,-0.000472,4406,521,0.010796,2026-10-07T17:22:35.584915146Z
SPY,2026-10-09,747,call,29.85,31.16,30.505,,,,,,,330,12,,2026-10-07T17:22:35.635468471Z
SPY,2026-10-09,747,put,0.04,0.05,0.045,0.230744,-0.010658,0.002083,-0.089931,0.016695,-0.000484,5367,1325,0.011052,2026-10-07T17:22:35.58507533Z
SPY,2026-10-09,748,call,28.86,30.13,29.495,,,,,,,410,69,,2026-10-07T17:22:36.267736487Z
SPY,2026-10-09,748,put,0.04,0.05,0.045,0.224039,-0.010942,0.002207,-0.08931,0.017082,-0.000497,4565,3479,0.011327,2026-10-07T17:22:35.630985204Z
SPY,2026-10-09,749,call,28.1,29.16,28.63,,,,,,,102,23,,2026-10-07T17:22:35.774663789Z
SPY,2026-10-09,749,put,0.05,0.06,0.055,0.222698,-0.012962,0.002515,-0.102797,0.019786,-0.000589,4826,360,0.013377,2026-10-07T17:22:35.584980188Z
SPY,2026-10-09,750,call,27.12,28.17,27.645,,,,,,,799,48,,2026-10-07T17:22:36.272336475Z
SPY,2026-10-09,750,put,0.05,0.06,0.055,0.215843,-0.013331,0.002673,-0.102038,0.020271,-0.000605,9748,2210,0.013732,2026-10-07T17:22:35.623240257Z
SPY,2026-10-09,751,call,26.23,27.56,26.895,0.243858,0.970763,0.004604,-0.307556,0.039465,0.042274,62,30,0.491945,2026-10-07T17:22:33.398076005Z
SPY,2026-10-09,751,put,0.05,0.06,0.055,0.208989,-0.013729,0.002801,-0.101299,0.020793,-0.000623,3545,458,0.014117,2026-10-07T17:22:35.585700223Z
SPY,2026-10-09,752,call,24.95,26.18,25.565,,,,,,,261,52,,2026-10-07T17:22:36.528237903Z
SPY,2026-10-09,752,put,0.05,0.06,0.055,0.202134,-0.014161,0.003014,-0.100584,0.021356,-0.000643,3708,655,0.014534,2026-10-07T17:22:35.585496073Z
SPY,2026-10-09,753,call,24.1,25.18,24.64,,,,,,,185,9,,2026-10-07T17:22:35.594942913Z
SPY,2026-10-09,753,put,0.06,0.07,0.065,0.199601,-0.01646,0.003435,-0.112975,0.024301,-0.000747,7920,745,0.016836,2026-10-07T17:22:35.584940179Z
SPY,2026-10-09,754,call,23.25,24.16,23.705,,,,,,,431,16,,2026-10-07T17:22:35.597977874Z
SPY,2026-10-09,754,put,0.06,0.07,0.065,0.192449,-0.016949,0.003685,-0.111631,0.024917,-0.000769,3419,1682,0.017302,2026-10-07T17:22:35.585345299Z
SPY,2026-10-09,755,call,22.85,23.19,23.02,0.236556,0.951031,0.007237,-0.414655,0.060104,0.041608,780,55,0.488367,2026-10-07T17:22:35.576713896Z
SPY,2026-10-09,755,put,0.06,0.07,0.065,0.185445,-0.017575,0.003958,-0.110893,0.025702,-0.000797,9586,1325,0.017906,2026-10-07T17:22:35.585390326Z
SPY,2026-10-09,756,call,20.94,22.17,21.555,,,,,,,623,70,,2026-10-07T17:22:36.633548468Z
SPY,2026-10-09,756,put,0.07,0.08,0.075,0.181869,-0.020072,0.00454,-0.121703,0.028778,-0.000911,4778,296,0.020376,2026-10-07T17:22:35.585395532Z
SPY,2026-10-09,757,call,19.98,21.18,20.58,,,,,,,847,29,,2026-10-07T17:22:35.742028689Z
SPY,2026-10-09,757,put,0.08,0.09,0.085,0.177994,-0.022794,0.005109,-0.132554,0.032045,-0.001034,3764,1085,0.023054,2026-10-07T17:22:35.585090803Z
SPY,2026-10-09,758,call,19.09,20.21,19.65,,,,,,,1402,143,,2026-10-07T17:22:35.586707852Z
SPY,2026-10-09,758,put,0.08,0.09,0.085,0.170544,-0.023608,0.005494,-0.130715,0.033005,-0.001071,2126,1239,0.023823,2026-10-07T17:22:35.584955098Z
SPY,2026-10-09,759,call,18.17,19.18,18.675,,,,,,,1041,120,,2026-10-07T17:22:35.739988652Z
SPY,2026-10-09,759,put,0.1,0.11,0.105,0.168756,-0.028538,0.006552,-0.151484,0.038679,-0.001294,2333,2037,0.02864,2026-10-07T17:22:35.584740181Z
SPY,2026-10-09,760,call,17.72,18.22,17.97,0.185892,0.949043,0.009503,-0.351717,0.062042,0.041811,2751,115,0.488756,2026-10-07T17:22:35.578372972Z
SPY,2026-10-09,760,put,0.11,0.12,0.115,0.16354,-0.03163,0.007348,-0.159747,0.042124,-0.001434,19813,8782,0.031614,2026-10-07T17:22:35.585635158Z
SPY,2026-10-09,761,call,16.72,17.22,16.97,0.177398,0.946957,0.010288,-0.347632,0.064053,0.041775,1254,128,0.488483,2026-10-07T17:22:35.588138669Z
SPY,2026-10-09,761,put,0.12,0.13,0.125,0.158027,-0.034951,0.008264,-0.167441,0.045734,-0.001584,3425,2263,0.034784,2026-10-07T17:22:35.585410153Z
SPY,2026-10-09,762,call,15.01,16.27,15.64,,,,,,,2506,49,,2026-10-07T17:22:35.740773679Z
SPY,2026-10-09,762,put,0.14,0.15,0.145,0.154153,-0.040405,0.009514,-0.18369,0.051482,-0.001831,4536,2198,0.039969,2026-10-07T17:22:35.626810215Z
SPY,2026-10-09,763,call,14.48,15.26,14.87,0.143424,0.96044,0.010046,-0.252201,0.050605,0.042506,1825,165,0.4916,2026-10-07T17:22:35.744593621Z
SPY,2026-10-09,763,put,0.16,0.17,0.165,0.149682,-0.046205,0.010929,-0.198556,0.057371,-0.002093,8747,2031,0.045419,2026-10-07T17:22:35.65049032Z
SPY,2026-10-09,764,call,13.94,14.27,14.105,0.168905,0.917883,0.015154,-0.43538,0.089846,0.040628,3116,293,0.482595,2026-10-07T17:22:35.742543724Z
SPY,2026-10-09,764,put,0.19,0.2,0.195,0.146255,-0.054305,0.012708,-0.220424,0.065256,-0.00246,2840,5349,0.052954,2026-10-07T17:22:35.585610135Z
SPY,2026-10-09,765,call,13.16,13.2,13.18,0.166669,0.904303,0.01719,-0.47222,0.100692,0.040069,5797,1634,0.479608,2026-10-07T17:22:36.048465307Z
SPY,2026-10-09,765,put,0.22,0.23,0.225,0.141934,-0.062756,0.014633,-0.239325,0.073106,-0.002842,17792,5926,0.06068,2026-10-07T17:22:35.584835106Z
SPY,2026-10-09,766,call,11.25,12.36,11.805,0.106767,0.969471,0.010924,-0.185139,0.040907,0.043092,1880,377,0.493804,2026-10-07T17:22:35.744809194Z
SPY,2026-10-09,766,put,0.27,0.28,0.275,0.1394,-0.075401,0.017209,-0.270413,0.084219,-0.003413,2946,2913,0.072066,2026-10-07T17:22:35.999976037Z
SPY,2026-10-09,767,call,11.19,11.42,11.305,0.158176,0.876843,0.021728,-0.52461,0.120717,0.038938,3201,375,0.47326,2026-10-07T17:22:35.599423888Z
SPY,2026-10-09,767,put,0.32,0.33,0.325,0.135675,-0.088562,0.019942,-0.296631,0.095077,-0.004007,70530,3531,0.083633,2026-10-07T17:22:35.818315654Z
SPY,2026-10-09,768,call,9.86,10.48,10.17,0.135973,0.888974,0.023499,-0.435127,0.112164,0.039552,2354,815,0.47654,2026-10-07T17:22:35.822224064Z
SPY,2026-10-09,768,put,0.38,0.39,0.385,0.13195,-0.104217,0.023169,-0.32455,0.107163,-0.004712,6567,5582,0.097063,2026-10-07T17:22:36.523902031Z
SPY,2026-10-09,769,call,9.28,9.46,9.37,0.141636,0.853631,0.027332,-0.526495,0.135911,0.038002,3318,1486,0.467833,2026-10-07T17:22:23.525659124Z
SPY,2026-10-09,769,put,0.45,0.46,0.455,0.127926,-0.122289,0.026779,-0.351926,0.120118,-0.005525,3976,5340,0.112104,2026-10-07T17:22:35.577390938Z
SPY,2026-10-09,770,call,8.48,8.52,8.5,0.1394,0.828054,0.030881,-0.566983,0.151042,0.036898,9003,1899,0.46114,2026-10-07T17:22:35.77481386Z
SPY,2026-10-09,770,put,0.55,0.56,0.555,0.125095,-0.146087,0.030909,-0.387947,0.135732,-0.006593,14925,15276,0.131278,2026-10-07T17:22:35.798705817Z
SPY,2026-10-09,771,call,7.53,7.64,7.585,0.133291,0.805557,0.03485,-0.581254,0.163087,0.035935,4172,732,0.45504,2026-10-07T17:22:35.648563439Z
SPY,2026-10-09,771,put,0.66,0.67,0.665,0.121519,-0.172619,0.035492,-0.419191,0.151414,-0.007779,3901,4101,0.15179,2026-10-07T17:22:36.239791624Z
SPY,2026-10-09,772,call,6.74,6.78,6.76,0.130758,0.772788,0.038931,-0.616935,0.178698,0.034503,5593,1261,0.445579,2026-10-07T17:22:36.34862189Z
SPY,2026-10-09,772,put,0.81,0.82,0.815,0.118986,-0.205905,0.040459,-0.456096,0.168792,-0.009261,6003,8940,0.176377,2026-10-07T17:22:35.824690619Z
SPY,2026-10-09,773,call,5.84,6.02,5.93,0.126585,0.738328,0.043379,-0.638695,0.192837,0.032996,2589,3057,0.435002,2026-10-07T17:22:35.586252796Z
SPY,2026-10-09,773,put,0.98,0.99,0.985,0.115708,-0.24298,0.045674,-0.485348,0.185434,-0.010898,6241,8107,0.202183,2026-10-07T17:22:36.120041354Z
SPY,2026-10-09,774,call,5.13,5.17,5.15,0.123307,0.697538,0.047779,-0.660931,0.206784,0.031199,8768,10342,0.421599,2026-10-07T17:22:35.651688126Z
SPY,2026-10-09,774,put,1.19,1.21,1.2,0.112876,-0.286554,0.050992,-0.512569,0.201672,-0.012805,4869,16943,0.23084,2026-10-07T17:22:36.241306615Z
SPY,2026-10-09,775,call,4.4,4.42,4.41,0.120029,0.651751,0.052005,-0.675888,0.219077,0.029175,11560,27454,0.405387,2026-10-07T17:22:35.959714859Z
SPY,2026-10-09,775,put,1.46,1.47,1.465,0.110641,-0.336802,0.055869,-0.535975,0.216294,-0.014971,15360,24181,0.261364,2026-10-07T17:22:35.82343564Z
SPY,2026-10-09,776,call,3.72,3.74,3.73,0.117496,0.60035,0.055465,-0.685605,0.228874,0.026893,2416,13041,0.385816,2026-10-07T17:22:35.604208864Z
SPY,2026-10-09,776,put,1.77,1.78,1.775,0.108108,-0.392109,0.060258,-0.547554,0.227643,-0.0173,2608,17419,0.292501,2026-10-07T17:22:36.239036528Z
SPY,2026-10-09,777,call,3.08,3.11,3.095,0.114962,0.544851,0.058184,-0.683556,0.234897,0.024423,2878,15032,0.362948,2026-10-07T17:22:35.591413951Z
SPY,2026-10-09,777,put,2.15,2.16,2.155,0.106171,-0.452769,0.063368,-0.550002,0.234653,-0.019769,2357,8958,0.323739,2026-10-07T17:22:36.007311054Z
SPY,2026-10-09,778,call,2.52,2.53,2.525,0.112429,0.485996,0.059827,-0.668096,0.236247,0.021799,6480,12782,0.336289,2026-10-07T17:22:35.988824967Z
SPY,2026-10-09,778,put,2.6,2.61,2.605,0.104532,-0.516889,0.064964,-0.539675,0.236053,-0.022239,5006,5639,0.353648,2026-10-07T17:22:36.240051692Z
SPY,2026-10-09,779,call,2.03,2.04,2.035,0.110939,0.425582,0.059595,-0.644233,0.232267,0.019099,5242,6874,0.306626,2026-10-07T17:22:36.245896527Z
SPY,2026-10-09,779,put,3.11,3.15,3.13,0.103191,-0.582522,0.064783,-0.515791,0.231119,-0.024551,7579,3917,0.381412,2026-10-07T17:22:36.583052174Z
SPY,2026-10-09,780,call,1.6,1.61,1.605,0.109151,0.36502,0.058113,-0.604708,0.222729,0.016389,34654,24685,0.273826,2026-10-07T17:22:35.917945639Z
SPY,2026-10-09,780,put,3.7,3.72,3.71,0.101551,-0.64832,0.063075,-0.475385,0.219556,-0.026527,6965,4822,0.40639,2026-10-07T17:22:36.208671464Z
SPY,2026-10-09,781,call,1.24,1.26,1.25,0.107959,0.306883,0.054891,-0.556283,0.208123,0.013785,4482,10360,0.239685,2026-10-07T17:22:35.598587876Z
SPY,2026-10-09,781,put,4.36,4.41,4.385,0.101402,-0.709468,0.058947,-0.431307,0.202563,-0.027921,1968,1764,0.427058,2026-10-07T17:22:35.658090308Z
SPY,2026-10-09,782,call,0.95,0.96,0.955,0.107214,0.253063,0.050348,-0.500955,0.189514,0.011372,6310,6679,0.205194,2026-10-07T17:22:35.874509376Z
SPY,2026-10-09,782,put,5,5.29,5.145,0.102445,-0.763147,0.053346,-0.385963,0.182275,-0.028601,1473,1418,0.443406,2026-10-07T17:22:35.600410227Z
SPY,2026-10-09,783,call,0.72,0.73,0.725,0.107065,0.20541,0.04482,-0.443287,0.168558,0.009233,10332,4682,0.172374,2026-10-07T17:22:35.636813096Z
SPY,2026-10-09,783,put,5.77,6.65,6.21,0.118539,-0.776538,0.044438,-0.438138,0.176509,-0.029071,712,171,0.448116,2026-10-07T17:22:36.409632422Z
SPY,2026-10-09,784,call,0.53,0.54,0.535,0.106469,0.162458,0.038924,-0.379617,0.145615,0.007305,5893,6229,0.140655,2026-10-07T17:22:35.94247997Z
SPY,2026-10-09,784,put,6.6,7.24,6.92,0.112578,-0.831899,0.040399,-0.338929,0.148037,-0.02843,1651,210,0.462441,2026-10-07T17:22:35.578536207Z
SPY,2026-10-09,785,call,0.39,0.4,0.395,0.106767,0.127497,0.032977,-0.322379,0.123672,0.005734,123040,16756,0.113322,2026-10-07T17:22:35.613974077Z
SPY,2026-10-09,785,put,7.61,7.65,7.63,0.100061,-0.900992,0.034286,-0.193484,0.101539,-0.024224,1303,1683,0.47681,2026-10-07T17:22:35.917946648Z
SPY,2026-10-09,786,call,0.28,0.29,0.285,0.106767,0.097699,0.027287,-0.265839,0.102235,0.004395,4718,4058,0.08879,2026-10-07T17:22:35.585182943Z
SPY,2026-10-09,786,put,8.37,9.64,9.005,0.14089,-0.842338,0.030508,-0.417184,0.142114,-0.028915,441,154,0.466454,2026-10-07T17:22:36.270001553Z
SPY,2026-10-09,787,call,0.2,0.21,0.205,0.107214,0.074235,0.022112,-0.216827,0.083225,0.00334,35144,4946,0.068668,2026-10-07T17:22:35.585308314Z
SPY,2026-10-09,787,put,9.32,10.44,9.88,0.141785,-0.869106,0.027004,-0.365086,0.125075,-0.02792,317,27,0.472852,2026-10-07T17:22:36.263246959Z
SPY,2026-10-09,788,call,0.14,0.15,0.145,0.107661,0.055502,0.017565,-0.173348,0.066391,0.002498,3596,2340,0.052071,2026-10-07T17:22:35.58508341Z
SPY,2026-10-09,788,put,9.94,11.6,10.77,0.142381,-0.893003,0.023585,-0.312741,0.108091,-0.026378,214,59,0.478177,2026-10-07T17:22:34.122842619Z
SPY,2026-10-09,789,call,0.1,0.11,0.105,0.109002,0.042114,0.013933,-0.140488,0.05324,0.001895,2326,2928,0.039908,2026-10-07T17:22:35.585522799Z
SPY,2026-10-09,789,put,10.83,12.33,11.58,0.130758,-0.934459,0.018468,-0.187262,0.073521,-0.02072,443,14,0.485646,2026-10-07T17:22:35.823141186Z
SPY,2026-10-09,790,call,0.07,0.08,0.075,0.110194,0.031533,0.010861,-0.111904,0.042016,0.001419,14131,4965,0.03011,2026-10-07T17:22:35.584687875Z
SPY,2026-10-09,790,put,12,13.61,12.805,0.165477,-0.897377,0.01924,-0.358879,0.104877,-0.026484,78,51,0.480247,2026-10-07T17:22:35.740055448Z
SPY,2026-10-09,791,call,0.05,0.06,0.055,0.112131,0.024162,0.008532,-0.091076,0.033655,0.001088,4137,477,0.023189,2026-10-07T17:22:35.584768384Z
SPY,2026-10-09,791,put,12.7,14.35,13.525,0.140294,-0.950488,0.013035,-0.159074,0.057809,-0.016905,3,2,0.4893,2026-10-07T17:22:36.090196251Z
SPY,2026-10-09,792,call,0.03,0.04,0.035,0.111982,0.016785,0.006248,-0.066703,0.024712,0.000756,2147,671,0.016192,2026-10-07T17:22:35.585143068Z
SPY,2026-10-09,792,put,13.7,15.4,14.55,0.152066,-0.947466,0.012171,-0.184341,0.060912,-0.01791,8,109,0.489587,2026-10-07T17:22:35.744705455Z
SPY,2026-10-09,793,call,0.02,0.03,0.025,0.114068,0.01283,0.004886,-0.053856,0.019611,0.000578,6783,821,0.012404,2026-10-07T17:22:35.585578299Z
SPY,2026-10-09,793,put,14.7,16.63,15.665,0.177696,-0.928388,0.013241,-0.288716,0.079192,-0.022669,1,10,0.487265,2026-10-07T17:22:36.09746626Z
SPY,2026-10-09,794,call,0.02,0.03,0.025,0.120327,0.012153,0.00441,-0.054144,0.018712,0.000547,1768,3525,0.01174,2026-10-07T17:22:34.123500277Z
SPY,2026-10-09,794,put,15.65,17.32,16.485,0.157431,-0.961044,0.007729,-0.147284,0.046047,-0.012437,0,0,0.492667,2026-10-07T17:22:33.546241175Z
SPY,2026-10-09,795,call,0.01,0.02,0.015,0.120327,0.008435,0.003214,-0.039337,0.013607,0.00038,5211,1125,0.008166,2026-10-07T17:22:35.585648808Z
SPY,2026-10-09,795,put,16.65,18.32,17.485,0.165626,-0.96102,0.006908,-0.156301,0.045974,-0.012228,7,3,0.493273,2026-10-07T17:22:35.741846065Z
SPY,2026-10-09,796,call,0.01,0.02,0.015,0.126436,0.008107,0.002941,-0.039879,0.013141,0.000365,3835,40,0.00784,2026-10-07T17:22:33.708397733Z
SPY,2026-10-09,796,put,17.68,19.32,18.5,0.176057,-0.959205,0.006593,-0.174537,0.048005,-0.013018,0,0,0.493597,2026-10-07T17:21:04.683797709Z
SPY,2026-10-09,797,call,0.01,0.02,0.015,0.132397,0.007764,0.002697,-0.040166,0.012651,0.000349,3490,22,0.0075,2026-10-07T17:22:33.708133038Z
SPY,2026-10-09,797,put,18.66,20.32,19.49,0.182316,-0.960564,0.005647,-0.17625,0.046306,-0.012004,0,12,0.494373,2026-10-07T17:22:35.743761105Z
SPY,2026-10-09,798,call,0.01,0.02,0.015,0.138357,0.007465,0.00253,-0.040517,0.012221,0.000336,1196,316,0.007203,2026-10-07T17:22:33.830943447Z
SPY,2026-10-09,798,put,19.66,21.32,20.49,0.190511,-0.960386,0.005111,-0.185964,0.04641,-0.011851,0,18,0.494859,2026-10-07T17:22:35.65225528Z
SPY,2026-10-09,799,call,0.01,0.02,0.015,0.144169,0.007153,0.002332,-0.040628,0.011769,0.000322,7726,12,0.006894,2026-10-07T17:22:33.708068659Z
SPY,2026-10-09,799,put,20.68,22.32,21.5,0.200942,-0.958849,0.005014,-0.204178,0.048139,-0.012585,0,46,0.495099,2026-10-07T17:22:35.731585812Z
SPY,2026-10-09,800,call,0.01,0.02,0.015,0.150129,0.006925,0.002181,-0.041089,0.011438,0.000312,12721,690,0.006666,2026-10-07T17:22:33.707893047Z
SPY,2026-10-09,800,put,21.68,23.32,22.5,0.209287,-0.958632,0.004616,-0.214627,0.048298,-0.012487,2,60,0.495543,2026-10-07T17:22:35.744115445Z
SPY,2026-10-09,801,call,0.01,0.02,0.015,0.155941,0.006679,0.002022,-0.041311,0.011078,0.0003,3495,1232,0.006422,2026-10-07T17:22:35.595277922Z
SPY,2026-10-09,801,put,22.66,24.32,23.49,0.215545,-0.959456,0.003907,-0.217794,0.047203,-0.011644,0,38,0.496173,2026-10-07T17:22:35.744860462Z
SPY,2026-10-09,802,call,0,0.01,0.005,0.14998,0.003659,0.001237,-0.023234,0.006481,0.000165,1717,41,0.003524,2026-10-07T17:22:35.585618218Z
SPY,2026-10-09,802,put,23.66,25.32,24.49,0.22389,-0.959131,0.003648,-0.228691,0.047487,-0.011591,0,14,0.496564,2026-10-07T17:22:22.627424942Z
SPY,2026-10-09,803,call,0.01,0.02,0.015,0.167564,0.006264,0.001783,-0.041897,0.010467,0.000282,4394,50,0.006009,2026-10-07T17:22:33.708232737Z
SPY,2026-10-09,803,put,24.69,26.63,25.66,0.262335,-0.942504,0.006072,-0.368488,0.065603,-0.019647,0,14,0.493787,2026-10-07T17:22:24.054772676Z
SPY,2026-10-09,804,call,0,0.01,0.005,0.160858,0.003435,0.001078,-0.023526,0.006124,0.000155,4347,210,0.003301,2026-10-07T17:22:35.585139648Z
SPY,2026-10-09,804,put,25.66,27.35,26.505,0.244603,-0.956782,0.003575,-0.264711,0.050109,-0.0128,0,16,0.496908,2026-10-07T17:22:33.951601971Z
SPY,2026-10-09,805,call,0,0.01,0.005,0.166371,0.003353,0.001027,-0.023797,0.005992,0.000151,2425,6064,0.003217,2026-10-07T17:22:35.58477818Z
SPY,2026-10-09,805,put,26.68,28.63,27.655,0.279173,-0.943618,0.005341,-0.387402,0.064394,-0.019215,0,26,0.494659,2026-10-07T17:22:28.350916149Z
SPY,2026-10-09,806,call,0,0.01,0.005,0.171736,0.003256,0.000939,-0.023911,0.005835,0.000146,3551,85,0.00312,2026-10-07T17:22:35.585622924Z
SPY,2026-10-09,806,put,27.66,29.35,28.505,0.261292,-0.956326,0.003075,-0.286888,0.050462,-0.012656,0,20,0.497596,2026-10-07T17:22:35.652690283Z
SPY,2026-10-09,807,call,0,0.01,0.005,0.176951,0.003145,0.000895,-0.023876,0.005657,0.000141,421,404,0.00301,2026-10-07T17:22:35.58495423Z
SPY,2026-10-09,807,put,28.69,30.35,29.52,0.271574,-0.95537,0.003052,-0.304887,0.051505,-0.013138,0,16,0.497746,2026-10-07T17:22:35.686640384Z
SPY,2026-10-09,808,call,0,0.01,0.005,0.182316,0.003067,0.000882,-0.024036,0.00553,0.000138,991,4934,0.002931,2026-10-07T17:22:35.585272785Z
SPY,2026-10-09,808,put,29.68,31.63,30.655,0.304356,-0.944812,0.004508,-0.416953,0.063028,-0.018637,0,16,0.495834,2026-10-07T17:22:34.357597771Z
SPY,2026-10-09,809,call,0,0.01,0.005,0.18768,0.002995,0.000842,-0.024215,0.005413,0.000135,513,3,0.002859,2026-10-07T17:22:35.585178522Z
SPY,2026-10-09,809,put,30.66,32.32,31.49,0.282303,-0.956838,0.002245,-0.308149,0.049529,-0.011363,0,28,0.498867,2026-10-07T17:22:29.228492658Z
SPY,2026-10-09,810,call,0,0.01,0.005,0.192896,0.002911,0.000784,-0.024248,0.005276,0.000131,1048,0,0.002775,2026-10-07T17:22:35.584733898Z
SPY,2026-10-09,810,put,31.68,33.61,32.645,0.319555,-0.946035,0.003991,-0.430364,0.06165,-0.018004,16,43,0.496694,2026-10-07T17:22:36.552932145Z
SPY,2026-10-09,811,call,0,0.01,0.005,0.19826,0.002852,0.000742,-0.024462,0.00518,0.000128,3421,0,0.002716,2026-10-07T17:22:33.707787577Z
SPY,2026-10-09,811,put,32.66,34.32,33.49,0.298992,-0.956201,0.001975,-0.331718,0.050097,-0.011331,0,55,0.499424,2026-10-07T17:22:35.755675461Z
SPY,2026-10-09,812,call,0,0.01,0.005,0.203475,0.002781,0.000699,-0.024534,0.005064,0.000125,3621,0,0.002645,2026-10-07T17:22:35.585133144Z
SPY,2026-10-09,812,put,33.66,35.35,34.505,0.31136,-0.954827,0.002112,-0.35602,0.051681,-0.012353,0,49,0.499383,2026-10-07T17:22:23.20207097Z
SPY,2026-10-09,813,call,0,0.01,0.005,0.208691,0.002716,0.000668,-0.024623,0.004956,0.000122,1142,0,0.00258,2026-10-07T17:22:35.584832846Z
SPY,2026-10-09,813,put,34.66,36.35,35.505,0.319704,-0.954568,0.002016,-0.367875,0.051895,-0.012317,0,8,0.499649,2026-10-07T17:22:36.090871275Z
SPY,2026-10-09,814,call,0,0.01,0.005,0.213906,0.002656,0.000654,-0.024729,0.004858,0.000119,9890,0,0.00252,2026-10-07T17:22:35.585212847Z
SPY,2026-10-09,814,put,35.62,37.32,36.47,0.320151,-0.956101,0.001393,-0.35692,0.049864,-0.010307,0,10,0.500504,2026-10-07T17:22:36.140411385Z
SPY,2026-10-09,815,call,0,0.01,0.005,0.219122,0.002601,0.000612,-0.024851,0.004766,0.000117,9628,0,0.002464,2026-10-07T17:22:33.707993456Z
SPY,2026-10-09,815,put,36.66,38.32,37.49,0.332519,-0.954933,0.001586,-0.380263,0.051235,-0.01133,1,12,0.50045,2026-10-07T17:22:33.980427036Z
SPY,2026-10-09,816,call,0,0.01,0.005,0.224188,0.002535,0.000606,-0.02484,0.004658,0.000114,13082,0,0.002399,2026-10-07T17:22:35.585717872Z
SPY,2026-10-09,816,put,37.68,39.63,38.655,0.371262,-0.946213,0.002985,-0.501972,0.061116,-0.017433,0,12,0.498436,2026-10-07T17:22:35.659585337Z
SPY,2026-10-09,817,call,0,0.01,0.005,0.229403,0.002489,0.000567,-0.024992,0.004581,0.000112,13347,0,0.002352,2026-10-07T17:22:35.584493406Z
SPY,2026-10-09,817,put,38.69,40.63,39.66,0.379607,-0.946269,0.002894,-0.513151,0.060995,-0.017311,0,0,0.498721,2026-10-07T17:21:02.698888147Z
SPY,2026-10-09,818,call,0,0.01,0.005,0.23447,0.002433,0.000528,-0.025013,0.004486,0.000109,1804,0,0.002296,2026-10-07T17:22:33.707882579Z
SPY,2026-10-09,818,put,39.69,41.35,40.52,0.363365,-0.952861,0.001675,-0.434319,0.053474,-0.012598,0,0,0.500754,2026-10-07T17:21:04.656716931Z
SPY,2026-10-09,819,call,0,0.01,0.005,0.239685,0.002393,0.000536,-0.025191,0.004421,0.000107,1734,0,0.002256,2026-10-07T17:22:35.585703115Z
SPY,2026-10-09,819,put,40.65,42.32,41.485,0.366047,-0.953726,0.001277,-0.429969,0.052303,-0.011351,0,4,0.501381,2026-10-07T17:22:35.659895264Z
SPY,2026-10-09,820,call,0,0.01,0.005,0.244752,0.002344,0.000519,-0.02524,0.004339,0.000105,1921,0,0.002207,2026-10-07T17:22:35.585353394Z
SPY,2026-10-09,820,put,41.69,43.63,42.66,0.404641,-0.946326,0.002522,-0.547412,0.060744,-0.016976,0,0,0.499538,2026-10-07T17:21:15.402512961Z
SPY,2026-10-09,821,call,0,0.01,0.005,0.249818,0.002299,0.000501,-0.025304,0.004262,0.000103,584,0,0.002161,2026-10-07T17:22:35.585182943Z
SPY,2026-10-09,821,put,42.69,44.63,43.66,0.412837,-0.946354,0.002387,-0.558459,0.060648,-0.016851,0,0,0.499794,2026-10-07T17:22:14.261733335Z
SPY,2026-10-09,822,call,0,0.01,0.005,0.254884,0.002256,0.000444,-0.02538,0.004191,0.000101,1021,0,0.002118,2026-10-07T17:22:35.585502775Z
SPY,2026-10-09,822,put,43.68,45.32,44.5,0.393167,-0.95253,0.001196,-0.473457,0.053473,-0.011783,0,8,0.501911,2026-10-07T17:22:35.592710203Z
SPY,2026-10-09,823,call,0,0.01,0.005,0.259951,0.002216,0.000446,-0.025468,0.004124,0.0001,7786,0,0.002078,2026-10-07T17:22:35.584917864Z
SPY,2026-10-09,823,put,44.66,46.32,45.49,0.399575,-0.952573,0.001064,-0.480746,0.053309,-0.011388,0,6,0.502242,2026-10-07T17:22:22.243664188Z
SPY,2026-10-09,824,call,0,0.01,0.005,0.265017,0.00218,0.000446,-0.025569,0.004062,0.000098,8793,0,0.002041,2026-10-07T17:22:35.58495811Z
SPY,2026-10-09,824,put,45.66,47.32,46.49,0.408068,-0.952275,0.000997,-0.493903,0.053573,-0.011421,0,12,0.502451,2026-10-07T17:22:22.558725011Z
SPY,2026-10-09,825,call,0,0.01,0.005,0.270084,0.002145,0.000427,-0.02568,0.004003,0.000096,3299,1,0.002006,2026-10-07T17:22:33.708177688Z
SPY,2026-10-09,825,put,46.66,48.35,47.505,0.420138,-0.951438,0.001183,-0.51709,0.054511,-0.012138,1,6,0.502421,2026-10-07T17:22:36.554182519Z
SPY,2026-10-09,826,call,0,0.01,0.005,0.275001,0.002102,0.000406,-0.025672,0.003931,0.000094,103,0,0.001964,2026-10-07T17:22:35.585272785Z
SPY,2026-10-09,826,put,47.65,49.32,48.485,0.424758,-0.951734,0.000951,-0.519594,0.054034,-0.01143,0,12,0.502852,2026-10-07T17:22:22.57364489Z
SPY,2026-10-09,827,call,0,0.01,0.005,0.280067,0.002075,0.000402,-0.025827,0.003884,0.000093,3247,0,0.001935,2026-10-07T17:22:35.585098089Z
SPY,2026-10-09,827,put,48.62,50.32,49.47,0.43042,-0.951809,0.000815,-0.525594,0.053821,-0.010936,0,2,0.50322,2026-10-07T17:22:32.548974302Z
SPY,2026-10-09,828,call,0,0.01,0.005,0.284985,0.002037,0.00038,-0.025843,0.00382,0.000091,25,0,0.001898,2026-10-07T17:22:35.585098089Z
SPY,2026-10-09,828,put,49.62,51.32,50.47,0.438765,-0.951532,0.000791,-0.538625,0.054059,-0.010952,0,4,0.50341,2026-10-07T17:22:34.245892609Z
SPY,2026-10-09,829,call,0,0.01,0.005,0.289902,0.002001,0.00037,-0.02587,0.003759,0.00009,1665,0,0.001862,2026-10-07T17:22:35.584548583Z
SPY,2026-10-09,829,put,50.62,52.35,51.485,0.450835,-0.950799,0.000851,-0.561425,0.05488,-0.011644,0,2,0.503382,2026-10-07T17:22:34.24402256Z
SPY,2026-10-09,830,call,0,0.01,0.005,0.294968,0.001977,0.000365,-0.026031,0.003718,0.000089,254,0,0.001838,2026-10-07T17:22:33.707762645Z
SPY,2026-10-09,830,put,51.69,53.63,52.66,0.488684,-0.945578,0.001763,-0.67078,0.060876,-0.016226,0,0,0.501884,2026-10-07T17:21:02.703308032Z
SPY,2026-10-09,831,call,0,0.01,0.005,0.299886,0.001946,0.000363,-0.026078,0.003664,0.000087,1581,0,0.001806,2026-10-07T17:22:35.585653314Z
SPY,2026-10-09,831,put,52.62,54.32,53.47,0.464097,-0.950683,0.000649,-0.578814,0.054798,-0.011055,0,0,0.503973,2026-10-07T17:21:02.68984307Z
SPY,2026-10-09,832,call,0,0.01,0.005,0.304803,0.001916,0.000342,-0.026136,0.003614,0.000086,1366,0,0.001776,2026-10-07T17:22:33.708232737Z
SPY,2026-10-09,832,put,53.66,55.32,54.49,0.476018,-0.950015,0.000752,-0.60132,0.055537,-0.011685,0,0,0.503948,2026-10-07T17:22:35.379024769Z
SPY,2026-10-09,833,call,0,0.01,0.005,0.309721,0.001888,0.000345,-0.026202,0.003566,0.000085,118,0,0.001748,2026-10-07T17:22:35.585393516Z
SPY,2026-10-09,833,put,54.62,56.32,55.47,0.480935,-0.950138,0.000647,-0.605763,0.055264,-0.011114,0,2,0.504337,2026-10-07T17:22:36.098166316Z
SPY,2026-10-09,834,call,0,0.01,0.005,0.314638,0.001862,0.000332,-0.026278,0.00352,0.000083,0,0,0.001722,2026-10-07T17:22:35.585618218Z
SPY,2026-10-09,834,put,55.62,57.32,56.47,0.48928,-0.949876,0.00065,-0.619134,0.055483,-0.011131,0,0,0.504514,2026-10-07T17:21:57.117145127Z
SPY,2026-10-09,835,call,0,0.01,0.005,0.319555,0.001837,0.000321,-0.026363,0.003478,0.000082,1039,0,0.001696,2026-10-07T17:22:35.585279322Z
SPY,2026-10-09,835,put,56.62,58.32,57.47,0.497773,-0.949602,0.000642,-0.632933,0.055718,-0.011173,0,2,0.504693,2026-10-07T17:22:36.094256245Z
SPY,2026-10-09,836,call,0,0.01,0.005,0.324324,0.001806,0.00028,-0.02634,0.003424,0.000081,0,0,0.001665,2026-10-07T17:22:35.585498885Z
SPY,2026-10-09,836,put,57.62,59.32,58.47,0.506118,-0.949344,0.000598,-0.646415,0.055932,-0.01119,0,2,0.504868,2026-10-07T17:22:29.726778657Z
SPY,2026-10-09,837,call,0,0.01,0.005,0.329241,0.001784,0.000302,-0.026442,0.003386,0.00008,2,0,0.001643,2026-10-07T17:22:35.584633239Z
SPY,2026-10-09,837,put,58.62,60.32,59.47,0.514612,-0.949075,0.000524,-0.660323,0.056161,-0.011231,0,0,0.505043,2026-10-07T17:22:15.506740848Z
SPY,2026-10-09,838,call,0,0.01,0.005,0.334159,0.001763,0.000292,-0.026552,0.003351,0.000079,324,0,0.001622,2026-10-07T17:22:35.585657788Z
SPY,2026-10-09,838,put,59.62,61.32,60.47,0.522956,-0.948821,0.000498,-0.673915,0.056369,-0.011248,0,0,0.505214,2026-10-07T17:22:12.132029764Z
SPY,2026-10-12,715,call,61.83,64.11,62.97,,,,,,,7,40,,2026-10-07T17:22:35.644226913Z
SPY,2026-10-12,715,put,0.03,0.04,0.035,0.277832,-0.0049,0.000542,-0.035058,0.013079,-0.00054,287,32,0.005362,2026-10-07T17:22:35.629064791Z
SPY,2026-10-12,720,call,56.84,58.92,57.88,,,,,,,16,14,,2026-10-07T17:22:36.556326329Z
SPY,2026-10-12,720,put,0.03,0.04,0.035,0.257269,-0.005264,0.000673,-0.034564,0.01394,-0.00058,550,2,0.005714,2026-10-07T17:22:35.631869856Z
SPY,2026-10-12,723,call,53.83,55.81,54.82,,,,,,,1,12,,2026-10-07T17:22:35.60739401Z
SPY,2026-10-12,723,put,0.03,0.04,0.035,0.244901,-0.005506,0.000678,-0.034219,0.014508,-0.000606,1147,12,0.005948,2026-10-07T17:22:33.980451585Z
SPY,2026-10-12,724,call,52.82,54.87,53.845,,,,,,,3,14,,2026-10-07T17:22:35.764993176Z
SPY,2026-10-12,724,put,0.03,0.04,0.035,0.240877,-0.005609,0.000686,-0.034205,0.014749,-0.000617,51,2,0.006049,2026-10-07T17:22:33.920876301Z
SPY,2026-10-12,725,call,51.85,53.93,52.89,,,,,,,5,8,,2026-10-07T17:22:33.706046802Z
SPY,2026-10-12,725,put,0.04,0.05,0.045,0.242814,-0.006796,0.000823,-0.040866,0.017484,-0.000748,288,5,0.007313,2026-10-07T17:22:35.586819575Z
SPY,2026-10-12,726,call,50.85,52.95,51.9,,,,,,,2,10,,2026-10-07T17:22:36.100969009Z
SPY,2026-10-12,726,put,0.04,0.05,0.045,0.238642,-0.006913,0.000838,-0.040763,0.017749,-0.000761,55,0,0.007427,2026-10-07T17:22:35.586020166Z
SPY,2026-10-12,727,call,49.85,52.12,50.985,,,,,,,6,8,,2026-10-07T17:22:35.937608109Z
SPY,2026-10-12,727,put,0.04,0.05,0.045,0.23447,-0.007035,0.000902,-0.04066,0.018025,-0.000774,982,0,0.007546,2026-10-07T17:22:35.587574575Z
SPY,2026-10-12,728,call,48.85,50.94,49.895,,,,,,,3,8,,2026-10-07T17:22:25.722912671Z
SPY,2026-10-12,728,put,0.04,0.05,0.045,0.230297,-0.007162,0.000948,-0.040557,0.01831,-0.000788,136,1350,0.007669,2026-10-07T17:22:35.586064627Z
SPY,2026-10-12,729,call,47.85,50.09,48.97,,,,,,,4,12,,2026-10-07T17:22:35.663291942Z
SPY,2026-10-12,729,put,0.04,0.05,0.045,0.225976,-0.007261,0.001001,-0.04027,0.018534,-0.000799,4260,2,0.007763,2026-10-07T17:22:35.587434613Z
SPY,2026-10-12,730,call,46.9,49.13,48.015,0.219867,0.993027,0.000947,-0.11855,0.017885,0.101569,2,52,0.494427,2026-10-07T17:22:33.70552676Z
SPY,2026-10-12,730,put,0.04,0.05,0.045,0.221804,-0.007397,0.001033,-0.040166,0.01884,-0.000814,2446,23,0.007895,2026-10-07T17:22:35.586266237Z
SPY,2026-10-12,731,call,45.85,47.94,46.895,,,,,,,5,8,,2026-10-07T17:22:33.705967155Z
SPY,2026-10-12,731,put,0.04,0.05,0.045,0.217631,-0.007539,0.001044,-0.040063,0.019159,-0.000829,36,0,0.008034,2026-10-07T17:22:35.586280386Z
SPY,2026-10-12,732,call,44.85,46.94,45.895,,,,,,,3,12,,2026-10-07T17:22:35.67265684Z
SPY,2026-10-12,732,put,0.04,0.05,0.045,0.21331,-0.007652,0.001026,-0.03977,0.019411,-0.000841,151,2,0.00814,2026-10-07T17:22:35.632964778Z
SPY,2026-10-12,733,call,43.91,45.98,44.945,,,,,,,8,10,,2026-10-07T17:22:35.636922965Z
SPY,2026-10-12,733,put,0.04,0.05,0.045,0.209138,-0.007806,0.001104,-0.039667,0.019754,-0.000858,785,0,0.008291,2026-10-07T17:22:33.708715799Z
SPY,2026-10-12,734,call,42.86,44.98,43.92,,,,,,,12,12,,2026-10-07T17:22:35.737977395Z
SPY,2026-10-12,734,put,0.05,0.06,0.055,0.209585,-0.009191,0.001319,-0.045864,0.022799,-0.00101,8705,2971,0.009737,2026-10-07T17:22:35.731590316Z
SPY,2026-10-12,735,call,41.85,44.15,43,0.184104,0.995584,0.00077,-0.102352,0.011918,0.102552,6,8,0.495668,2026-10-07T17:22:36.303555025Z
SPY,2026-10-12,735,put,0.05,0.06,0.055,0.205264,-0.009363,0.001338,-0.045634,0.023171,-0.001029,456,0,0.009903,2026-10-07T17:22:35.588185261Z
SPY,2026-10-12,736,call,40.85,42.84,41.845,,,,,,,3,4,,2026-10-07T17:22:22.552318449Z
SPY,2026-10-12,736,put,0.05,0.06,0.055,0.200942,-0.009542,0.001392,-0.045404,0.02356,-0.001049,320,0,0.010076,2026-10-07T17:22:35.586700128Z
SPY,2026-10-12,737,call,39.86,41.95,40.905,,,,,,,10,22,,2026-10-07T17:22:35.935053398Z
SPY,2026-10-12,737,put,0.05,0.06,0.055,0.196621,-0.009731,0.001445,-0.045174,0.023967,-0.001069,161,1,0.010258,2026-10-07T17:22:35.587329897Z
SPY,2026-10-12,738,call,38.87,41.14,40.005,0.178143,0.994004,0.001016,-0.108344,0.01565,0.102799,1,26,0.495567,2026-10-07T17:22:35.587701816Z
SPY,2026-10-12,738,put,0.05,0.06,0.055,0.192299,-0.009929,0.001553,-0.044945,0.024392,-0.001091,320,2,0.010449,2026-10-07T17:22:35.586624621Z
SPY,2026-10-12,739,call,37.87,39.84,38.855,,,,,,,8,18,,2026-10-07T17:22:35.606636443Z
SPY,2026-10-12,739,put,0.05,0.06,0.055,0.187978,-0.010138,0.001543,-0.044717,0.024839,-0.001114,4289,1751,0.010651,2026-10-07T17:22:35.586174627Z
SPY,2026-10-12,740,call,36.86,38.37,37.615,,,,,,,16,22,,2026-10-07T17:22:35.639388658Z
SPY,2026-10-12,740,put,0.06,0.07,0.065,0.187382,-0.011677,0.001733,-0.05039,0.028091,-0.001283,568,403,0.012235,2026-10-07T17:22:35.632689864Z
SPY,2026-10-12,741,call,35.87,37.37,36.62,,,,,,,9,10,,2026-10-07T17:22:36.094813892Z
SPY,2026-10-12,741,put,0.06,0.07,0.065,0.183061,-0.011963,0.001807,-0.050246,0.028687,-0.001314,330,31,0.012513,2026-10-07T17:22:35.642274902Z
SPY,2026-10-12,742,call,34.9,36.34,35.62,,,,,,,7,4,,2026-10-07T17:22:35.606641552Z
SPY,2026-10-12,742,put,0.06,0.07,0.065,0.17859,-0.012207,0.001884,-0.049856,0.029193,-0.00134,303,2,0.012746,2026-10-07T17:22:35.587240715Z
SPY,2026-10-12,743,call,33.88,35.38,34.63,,,,,,,4,12,,2026-10-07T17:22:35.798903163Z
SPY,2026-10-12,743,put,0.06,0.07,0.065,0.17412,-0.012465,0.002032,-0.049467,0.029727,-0.001369,322,2,0.012992,2026-10-07T17:22:35.667414972Z
SPY,2026-10-12,744,call,32.87,34.23,33.55,,,,,,,5,26,,2026-10-07T17:22:35.640716656Z
SPY,2026-10-12,744,put,0.06,0.07,0.065,0.169799,-0.012803,0.002098,-0.049337,0.030422,-0.001405,171,12,0.013321,2026-10-07T17:22:35.733040776Z
SPY,2026-10-12,745,call,31.91,33.82,32.865,,,,,,,10,46,,2026-10-07T17:25:03.445655083Z
SPY,2026-10-12,745,put,0.07,0.08,0.075,0.168756,-0.0145,0.002363,-0.054581,0.033871,-0.001591,442,74,0.015046,2026-10-07T17:25:04.749194691Z
SPY,2026-10-12,746,call,30.89,32.61,31.75,,,,,,,212,47,,2026-10-07T17:25:01.964144028Z
SPY,2026-10-12,746,put,0.07,0.08,0.075,0.164285,-0.014875,0.002482,-0.054276,0.034622,-0.001632,178,84,0.015406,2026-10-07T17:25:03.447928395Z
SPY,2026-10-12,747,call,29.92,31.32,30.62,,,,,,,23,28,,2026-10-07T17:25:03.445470022Z
SPY,2026-10-12,747,put,0.07,0.08,0.075,0.159666,-0.015199,0.00261,-0.053695,0.035269,-0.001667,236,20,0.015712,2026-10-07T17:25:03.448103427Z
SPY,2026-10-12,748,call,28.9,30.87,29.885,,,,,,,71,34,,2026-10-07T17:25:01.964084558Z
SPY,2026-10-12,748,put,0.08,0.09,0.085,0.157878,-0.017104,0.002881,-0.058706,0.039024,-0.001876,340,4,0.017629,2026-10-07T17:25:04.720709406Z
SPY,2026-10-12,749,call,27.93,29.83,28.88,,,,,,,12,54,,2026-10-07T17:25:03.445619467Z
SPY,2026-10-12,749,put,0.08,0.09,0.085,0.153258,-0.017547,0.00304,-0.058198,0.039887,-0.001924,561,4,0.018051,2026-10-07T17:25:03.44833342Z
SPY,2026-10-12,750,call,26.96,28.71,27.835,,,,,,,35,34,,2026-10-07T17:25:03.445575297Z
SPY,2026-10-12,750,put,0.09,0.1,0.095,0.151023,-0.019529,0.003418,-0.062769,0.043691,-0.002141,1897,1185,0.020027,2026-10-07T17:25:04.827939946Z
SPY,2026-10-12,751,call,25.97,27.35,26.66,,,,,,,6,16,,2026-10-07T17:25:03.445610111Z
SPY,2026-10-12,751,put,0.09,0.1,0.095,0.146404,-0.02012,0.003627,-0.062349,0.044812,-0.002206,396,238,0.020593,2026-10-07T17:25:03.448214257Z
SPY,2026-10-12,752,call,24.97,26.86,25.915,,,,,,,24,38,,2026-10-07T17:25:03.445604962Z
SPY,2026-10-12,752,put,0.1,0.11,0.105,0.143722,-0.022161,0.003965,-0.066356,0.048627,-0.002429,709,351,0.022607,2026-10-07T17:25:03.448053429Z
SPY,2026-10-12,753,call,23.96,25.37,24.665,,,,,,,36,40,,2026-10-07T17:25:03.445604962Z
SPY,2026-10-12,753,put,0.11,0.12,0.115,0.14104,-0.024454,0.004461,-0.070674,0.05283,-0.00268,612,567,0.024865,2026-10-07T17:25:03.447973404Z
SPY,2026-10-12,754,call,22.99,24.4,23.695,,,,,,,15,40,,2026-10-07T17:25:03.445680081Z
SPY,2026-10-12,754,put,0.12,0.13,0.125,0.13791,-0.026653,0.0049,-0.074191,0.05678,-0.002921,438,813,0.027008,2026-10-07T17:25:03.447818408Z
SPY,2026-10-12,755,call,21.96,23.44,22.7,,,,,,,85,37,,2026-10-07T17:25:04.220347969Z
SPY,2026-10-12,755,put,0.13,0.14,0.135,0.134781,-0.029121,0.005334,-0.077966,0.061127,-0.00319,1201,313,0.029406,2026-10-07T17:25:03.448103427Z
SPY,2026-10-12,756,call,21.02,22.34,21.68,,,,,,,30,42,,2026-10-07T17:25:04.648875241Z
SPY,2026-10-12,756,put,0.14,0.15,0.145,0.131354,-0.031601,0.005857,-0.081201,0.065409,-0.003461,978,363,0.031795,2026-10-07T17:25:03.448103427Z
SPY,2026-10-12,757,call,20.02,21.71,20.865,,,,,,,37,50,,2026-10-07T17:25:03.875251288Z
SPY,2026-10-12,757,put,0.16,0.17,0.165,0.129268,-0.035841,0.006614,-0.08852,0.07255,-0.003925,418,376,0.035885,2026-10-07T17:25:05.091486157Z
SPY,2026-10-12,758,call,19.05,20.74,19.895,,,,,,,44,72,,2026-10-07T17:24:57.903962244Z
SPY,2026-10-12,758,put,0.17,0.18,0.175,0.125393,-0.03858,0.007224,-0.091051,0.07705,-0.004224,496,627,0.038477,2026-10-07T17:25:03.448223461Z
SPY,2026-10-12,759,call,18.07,19.48,18.775,,,,,,,43,59,,2026-10-07T17:25:01.931137301Z
SPY,2026-10-12,759,put,0.2,0.21,0.205,0.123903,-0.044696,0.008265,-0.101211,0.086806,-0.004892,433,190,0.044293,2026-10-07T17:25:03.447973404Z
SPY,2026-10-12,760,call,16.88,18.34,17.61,,,,,,,514,86,,2026-10-07T17:25:01.964148525Z
SPY,2026-10-12,760,put,0.22,0.23,0.225,0.120774,-0.049455,0.009187,-0.106802,0.09414,-0.005411,1858,1524,0.048745,2026-10-07T17:25:03.448103427Z
SPY,2026-10-12,761,call,15.91,17.55,16.73,,,,,,,128,40,,2026-10-07T17:25:03.445619467Z
SPY,2026-10-12,761,put,0.25,0.26,0.255,0.118241,-0.055773,0.010348,-0.114817,0.103567,-0.0061,317,230,0.054597,2026-10-07T17:25:01.919176038Z
SPY,2026-10-12,762,call,14.95,16.67,15.81,,,,,,,146,49,,2026-10-07T17:25:03.4455592Z
SPY,2026-10-12,762,put,0.29,0.3,0.295,0.116304,-0.063982,0.011696,-0.125516,0.115329,-0.006994,623,505,0.062126,2026-10-07T17:25:04.690349342Z
SPY,2026-10-12,763,call,13.99,15.66,14.825,,,,,,,235,33,,2026-10-07T17:25:05.35751371Z
SPY,2026-10-12,763,put,0.33,0.34,0.335,0.11377,-0.072367,0.013169,-0.134725,0.12683,-0.007907,729,583,0.069677,2026-10-07T17:25:04.595793934Z
SPY,2026-10-12,764,call,13.96,14.82,14.39,0.107065,0.925885,0.014234,-0.213207,0.129171,0.098939,1201,159,0.484566,2026-10-07T17:25:02.461414598Z
SPY,2026-10-12,764,put,0.38,0.39,0.385,0.111684,-0.082827,0.014842,-0.146183,0.140523,-0.009044,1553,581,0.078985,2026-10-07T17:25:04.585938831Z
SPY,2026-10-12,765,call,12.67,13.55,13.11,0.069663,0.980199,0.007506,-0.113001,0.044207,0.105041,722,230,0.495914,2026-10-07T17:25:05.352568666Z
SPY,2026-10-12,765,put,0.43,0.44,0.435,0.108853,-0.093335,0.016615,-0.155316,0.153611,-0.010183,2512,795,0.088101,2026-10-07T17:25:01.918810826Z
SPY,2026-10-12,766,call,11.4,12.62,12.01,,,,,,,428,76,,2026-10-07T17:25:04.391698839Z
SPY,2026-10-12,766,put,0.51,0.52,0.515,0.107512,-0.108577,0.018822,-0.170815,0.171525,-0.011834,549,368,0.101135,2026-10-07T17:25:04.862715152Z
SPY,2026-10-12,767,call,11.41,11.72,11.565,0.10021,0.887551,0.020704,-0.247317,0.175899,0.095155,425,142,0.476082,2026-10-07T17:25:05.352613674Z
SPY,2026-10-12,767,put,0.58,0.59,0.585,0.10483,-0.122982,0.021145,-0.181345,0.187393,-0.013388,817,466,0.113093,2026-10-07T17:25:02.549809216Z
SPY,2026-10-12,768,call,10.52,10.91,10.715,0.101402,0.862357,0.02354,-0.273741,0.202597,0.092527,441,231,0.469921,2026-10-07T17:25:03.734315581Z
SPY,2026-10-12,768,put,0.68,0.69,0.685,0.103042,-0.141583,0.023629,-0.195728,0.206501,-0.01539,478,847,0.12813,2026-10-07T17:25:05.327417259Z
SPY,2026-10-12,769,call,8.96,9.88,9.42,0.078455,0.897404,0.024752,-0.202395,0.164649,0.096531,709,198,0.478885,2026-10-07T17:25:04.382133795Z
SPY,2026-10-12,769,put,0.79,0.8,0.795,0.100955,-0.162023,0.026411,-0.208887,0.225861,-0.017579,1717,1078,0.144115,2026-10-07T17:25:05.324677282Z
SPY,2026-10-12,770,call,8.46,8.96,8.71,0.086799,0.846042,0.029684,-0.257094,0.218445,0.09103,1961,653,0.466114,2026-10-07T17:25:05.151837728Z
SPY,2026-10-12,770,put,0.92,0.93,0.925,0.099018,-0.185602,0.029395,-0.222351,0.246247,-0.02009,3462,4909,0.161947,2026-10-07T17:25:04.84606503Z
SPY,2026-10-12,771,call,6.87,8.12,7.495,0.069663,0.866673,0.033573,-0.20867,0.198222,0.093449,491,655,0.471704,2026-10-07T17:25:04.223982932Z
SPY,2026-10-12,771,put,1.08,1.09,1.085,0.097379,-0.212936,0.032457,-0.236333,0.267487,-0.022981,978,1089,0.181776,2026-10-07T17:25:05.341847305Z
SPY,2026-10-12,772,call,7.01,7.28,7.145,0.089034,0.772837,0.036793,-0.307248,0.277664,0.083266,323,1066,0.445615,2026-10-07T17:25:04.967941841Z
SPY,2026-10-12,772,put,1.26,1.27,1.265,0.095591,-0.243179,0.0357,-0.248528,0.288223,-0.026145,904,945,0.202764,2026-10-07T17:25:03.442668386Z
SPY,2026-10-12,773,call,6.41,6.5,6.455,0.090972,0.729847,0.039486,-0.332777,0.304553,0.078676,513,1081,0.432116,2026-10-07T17:25:03.44550423Z
SPY,2026-10-12,773,put,1.47,1.49,1.48,0.093803,-0.276865,0.038933,-0.259007,0.308147,-0.029623,641,1745,0.224937,2026-10-07T17:25:05.374087691Z
SPY,2026-10-12,774,call,5.69,5.76,5.725,0.090227,0.690163,0.04246,-0.345061,0.324786,0.074451,536,1728,0.418892,2026-10-07T17:25:04.385143781Z
SPY,2026-10-12,774,put,1.72,1.74,1.73,0.092164,-0.314393,0.042068,-0.267735,0.326658,-0.03343,807,4161,0.24818,2026-10-07T17:25:05.375473181Z
SPY,2026-10-12,775,call,5,5.04,5.02,0.088885,0.648387,0.045332,-0.351926,0.341641,0.069995,2461,5865,0.404008,2026-10-07T17:25:05.336823917Z
SPY,2026-10-12,775,put,2.02,2.03,2.025,0.091121,-0.356313,0.044833,-0.275675,0.343003,-0.037589,1042,4697,0.272865,2026-10-07T17:25:05.333882619Z
SPY,2026-10-12,776,call,4.33,4.38,4.355,0.087842,0.603108,0.047679,-0.356099,0.355017,0.06515,737,5768,0.38681,2026-10-07T17:25:05.187617913Z
SPY,2026-10-12,776,put,2.35,2.37,2.36,0.08963,-0.40067,0.04735,-0.278308,0.35554,-0.041835,2001,2711,0.297099,2026-10-07T17:25:05.384362503Z
SPY,2026-10-12,777,call,3.72,3.77,3.745,0.086799,0.555323,0.049441,-0.355899,0.363818,0.060026,425,2610,0.367083,2026-10-07T17:25:04.690916314Z
SPY,2026-10-12,777,put,2.74,2.75,2.745,0.088587,-0.448259,0.049255,-0.278344,0.363744,-0.046194,433,927,0.321315,2026-10-07T17:25:05.326992229Z
SPY,2026-10-12,778,call,3.19,3.2,3.195,0.086352,0.50508,0.050173,-0.353001,0.367321,0.054623,676,3478,0.344979,2026-10-07T17:25:04.948721693Z
SPY,2026-10-12,778,put,3.18,3.19,3.185,0.087395,-0.49846,0.050611,-0.273176,0.366622,-0.050487,810,595,0.344808,2026-10-07T17:25:05.133961367Z
SPY,2026-10-12,779,call,2.68,2.69,2.685,0.085309,0.454464,0.05048,-0.342986,0.364955,0.049176,1326,2219,0.320701,2026-10-07T17:25:05.074082311Z
SPY,2026-10-12,779,put,3.67,3.7,3.685,0.086799,-0.548939,0.051001,-0.265363,0.3636,-0.054434,2724,554,0.366669,2026-10-07T17:25:05.073811039Z
SPY,2026-10-12,780,call,2.22,2.23,2.225,0.084266,0.403926,0.049893,-0.328132,0.356651,0.043731,2328,2944,0.294845,2026-10-07T17:25:05.345113707Z
SPY,2026-10-12,780,put,4.21,4.27,4.24,0.085905,-0.600588,0.050758,-0.251614,0.354271,-0.05791,970,998,0.386942,2026-10-07T17:25:05.033425907Z
SPY,2026-10-12,781,call,1.82,1.83,1.825,0.083521,0.353825,0.048348,-0.309648,0.342411,0.038324,1335,920,0.26712,2026-10-07T17:25:03.80297089Z
SPY,2026-10-12,781,put,4.82,4.88,4.85,0.085458,-0.651322,0.049543,-0.23501,0.338822,-0.060643,760,366,0.405485,2026-10-07T17:25:04.612833993Z
SPY,2026-10-12,782,call,1.48,1.49,1.485,0.083074,0.30602,0.045854,-0.288339,0.323022,0.033159,820,1660,0.238694,2026-10-07T17:25:05.325214373Z
SPY,2026-10-12,782,put,5.4,6.43,5.915,0.097528,-0.674417,0.042225,-0.265009,0.330159,-0.062796,251,91,0.414477,2026-10-07T17:25:03.891735529Z
SPY,2026-10-12,783,call,1.18,1.19,1.185,0.082478,0.260518,0.04272,-0.263208,0.298989,0.02824,590,937,0.20983,2026-10-07T17:25:05.337703613Z
SPY,2026-10-12,783,put,6.11,7.1,6.605,0.09723,-0.716142,0.040482,-0.243957,0.310136,-0.064153,95,77,0.42777,2026-10-07T17:25:04.22364766Z
SPY,2026-10-12,784,call,0.93,0.94,0.935,0.082031,0.218669,0.039041,-0.236458,0.271701,0.023711,797,769,0.181472,2026-10-07T17:25:05.324908918Z
SPY,2026-10-12,784,put,6.91,7.92,7.415,0.099614,-0.749385,0.037625,-0.231864,0.290864,-0.064863,164,45,0.437751,2026-10-07T17:25:05.353017431Z
SPY,2026-10-12,785,call,0.73,0.74,0.735,0.081882,0.181518,0.034962,-0.209847,0.2429,0.019689,3137,2683,0.154703,2026-10-07T17:25:04.592304946Z
SPY,2026-10-12,785,put,7.72,8.89,8.305,0.104085,-0.774147,0.034382,-0.227652,0.274532,-0.065251,262,39,0.445146,2026-10-07T17:25:03.445483435Z
SPY,2026-10-12,786,call,0.56,0.57,0.565,0.081435,0.147628,0.030768,-0.181641,0.212423,0.016017,975,2318,0.128927,2026-10-07T17:25:05.347738636Z
SPY,2026-10-12,786,put,8.61,8.98,8.795,0.090972,-0.845829,0.034209,-0.143748,0.214507,-0.059406,440,55,0.460749,2026-10-07T17:25:04.548448683Z
SPY,2026-10-12,787,call,0.43,0.44,0.435,0.081584,0.119729,0.02658,-0.156835,0.183909,0.012993,823,830,0.106776,2026-10-07T17:25:03.442779927Z
SPY,2026-10-12,787,put,9.43,9.76,9.595,0.087246,-0.891214,0.031202,-0.100827,0.166339,-0.051877,22,84,0.468795,2026-10-07T17:25:03.445663398Z
SPY,2026-10-12,788,call,0.32,0.33,0.325,0.081286,0.094656,0.022503,-0.131372,0.155221,0.010275,965,996,0.08601,2026-10-07T17:25:04.690776053Z
SPY,2026-10-12,788,put,10.16,11.7,10.93,0.111088,-0.84675,0.026828,-0.183905,0.214837,-0.062393,162,38,0.463646,2026-10-07T17:25:05.331447269Z
SPY,2026-10-12,789,call,0.24,0.25,0.245,0.081435,0.074691,0.018838,-0.109774,0.129938,0.008109,1962,376,0.068876,2026-10-07T17:25:01.919956883Z
SPY,2026-10-12,789,put,11.15,12.68,11.915,0.117645,-0.855426,0.024365,-0.188345,0.206644,-0.062272,16,14,0.466334,2026-10-07T17:25:03.717480364Z
SPY,2026-10-12,790,call,0.18,0.19,0.185,0.081882,0.058859,0.015576,-0.091478,0.108052,0.006391,1644,1200,0.054919,2026-10-07T17:24:57.905262036Z
SPY,2026-10-12,790,put,12.2,13.56,12.88,0.122413,-0.866949,0.022287,-0.184861,0.195094,-0.061382,11,4,0.469275,2026-10-07T17:25:03.717649725Z
SPY,2026-10-12,791,call,0.13,0.14,0.135,0.082031,0.045342,0.012609,-0.074259,0.087816,0.004924,653,204,0.042741,2026-10-07T17:25:01.920187592Z
SPY,2026-10-12,791,put,12.61,14.66,13.635,0.114962,-0.906158,0.020266,-0.126886,0.150247,-0.053026,5,4,0.475952,2026-10-07T17:25:04.236142143Z
SPY,2026-10-12,792,call,0.1,0.11,0.105,0.083223,0.036277,0.010373,-0.062681,0.073273,0.00394,1623,224,0.034412,2026-10-07T17:25:05.389798894Z
SPY,2026-10-12,792,put,13.35,15.63,14.49,0.109002,-0.94015,0.017653,-0.078728,0.104258,-0.040909,0,0,0.480304,2026-10-07T17:24:31.583578625Z
SPY,2026-10-12,793,call,0.07,0.08,0.075,0.083372,0.027415,0.008209,-0.049697,0.058132,0.002978,2213,145,0.026171,2026-10-07T17:25:04.57852502Z
SPY,2026-10-12,793,put,14.36,16.57,15.465,0.112578,-0.947532,0.015743,-0.07278,0.09332,-0.037818,0,0,0.481864,2026-10-07T17:21:16.160248492Z
SPY,2026-10-12,794,call,0.05,0.06,0.055,0.083968,0.021013,0.006519,-0.039937,0.046491,0.002283,498,3511,0.020143,2026-10-07T17:25:03.447929222Z
SPY,2026-10-12,794,put,15.36,17.65,16.505,0.122115,-0.940493,0.014753,-0.091079,0.104147,-0.042014,0,4,0.482294,2026-10-07T17:24:35.241461077Z
SPY,2026-10-12,795,call,0.04,0.05,0.045,0.086054,0.017548,0.005478,-0.035037,0.039889,0.001906,1190,513,0.016852,2026-10-07T17:25:03.448334245Z
SPY,2026-10-12,795,put,16.36,18.66,17.51,0.127628,-0.942657,0.013508,-0.093288,0.101043,-0.04142,1,0,0.483313,2026-10-07T17:24:53.262273537Z
SPY,2026-10-12,796,call,0.03,0.04,0.035,0.087544,0.014173,0.004473,-0.029617,0.033211,0.00154,324,31,0.013633,2026-10-07T17:25:03.448374271Z
SPY,2026-10-12,796,put,17.36,19.52,18.44,0.125095,-0.95993,0.011437,-0.065383,0.073644,-0.031183,0,0,0.485277,2026-10-07T17:24:56.131037405Z
SPY,2026-10-12,797,call,0.02,0.03,0.025,0.08814,0.010785,0.003493,-0.023495,0.026213,0.001172,378,106,0.010392,2026-10-07T17:25:03.448209401Z
SPY,2026-10-12,797,put,18.36,20.63,19.495,0.137612,-0.947844,0.011357,-0.094351,0.093251,-0.039288,0,2,0.485292,2026-10-07T17:25:00.387808334Z
SPY,2026-10-12,798,call,0.02,0.03,0.025,0.092164,0.010389,0.003227,-0.023735,0.025374,0.001129,2025,2026,0.01,2026-10-07T17:25:03.448269211Z
SPY,2026-10-12,798,put,19.36,21.52,20.44,0.135675,-0.96144,0.009605,-0.070334,0.071033,-0.030169,0,0,0.486905,2026-10-07T17:24:45.832882508Z
SPY,2026-10-12,799,call,0.02,0.03,0.025,0.096187,0.010042,0.003029,-0.024006,0.024633,0.001091,593,57,0.009656,2026-10-07T17:25:03.448334245Z
SPY,2026-10-12,799,put,20.55,22.63,21.59,0.157431,-0.936244,0.010505,-0.134007,0.110905,-0.046319,0,16,0.485544,2026-10-07T17:25:02.118706803Z
SPY,2026-10-12,800,call,0.01,0.02,0.015,0.095293,0.006995,0.002215,-0.017293,0.017933,0.00076,3740,960,0.006736,2026-10-07T17:25:03.448264538Z
SPY,2026-10-12,800,put,21.37,23.71,22.54,0.158176,-0.944845,0.009448,-0.118411,0.098014,-0.041864,1,20,0.487016,2026-10-07T17:25:02.119076779Z
SPY,2026-10-12,801,call,0.01,0.02,0.015,0.099018,0.006734,0.002059,-0.017349,0.017339,0.000731,189,13,0.006477,2026-10-07T17:25:03.448054288Z
SPY,2026-10-12,801,put,22.35,24.52,23.435,0.15147,-0.962676,0.007597,-0.07881,0.068671,-0.02889,0,4,0.488977,2026-10-07T17:25:03.040256443Z
SPY,2026-10-12,802,call,0.01,0.02,0.015,0.102893,0.006568,0.001936,-0.017611,0.016961,0.000713,538,8,0.00631,2026-10-07T17:25:03.448104223Z
SPY,2026-10-12,802,put,23.35,25.52,24.435,0.156686,-0.962938,0.007084,-0.081774,0.06811,-0.028479,1,19,0.489586,2026-10-07T17:25:05.057145961Z
SPY,2026-10-12,803,call,0.01,0.02,0.015,0.106618,0.006357,0.001842,-0.017707,0.016479,0.00069,61,0,0.0061,2026-10-07T17:25:03.448274265Z
SPY,2026-10-12,803,put,24.35,26.52,25.435,0.16205,-0.962936,0.006578,-0.085338,0.068004,-0.028273,0,2,0.49018,2026-10-07T17:25:05.305882114Z
SPY,2026-10-12,804,call,0.01,0.02,0.015,0.110194,0.006109,0.001718,-0.017648,0.015908,0.000663,63,0,0.005855,2026-10-07T17:25:03.44819432Z
SPY,2026-10-12,804,put,25.35,27.52,26.435,0.167266,-0.963049,0.006139,-0.088555,0.067683,-0.027923,0,0,0.490728,2026-10-07T17:21:18.022332636Z
SPY,2026-10-12,805,call,0.01,0.02,0.015,0.113919,0.005942,0.00161,-0.017783,0.015523,0.000645,232,0,0.005689,2026-10-07T17:25:03.448204997Z
SPY,2026-10-12,805,put,26.54,28.71,27.625,0.194237,-0.938993,0.007504,-0.166403,0.106934,-0.046251,0,0,0.488963,2026-10-07T17:24:41.604311828Z
SPY,2026-10-12,806,call,0.01,0.02,0.015,0.117645,0.005792,0.001516,-0.017934,0.015174,0.000629,368,0,0.005538,2026-10-07T17:25:03.448044298Z
SPY,2026-10-12,806,put,27.32,29.57,28.445,0.179335,-0.961459,0.0055,-0.100226,0.070286,-0.029026,0,0,0.491662,2026-10-07T17:24:05.492841578Z
SPY,2026-10-12,807,call,0.01,0.02,0.015,0.121221,0.005605,0.001467,-0.017934,0.014739,0.000608,222,1,0.005353,2026-10-07T17:25:03.448409508Z
SPY,2026-10-12,807,put,28.32,30.57,29.445,0.184551,-0.961504,0.00519,-0.103687,0.070083,-0.028714,0,2,0.49214,2026-10-07T17:25:00.486548847Z
SPY,2026-10-12,808,call,0.01,0.02,0.015,0.124946,0.005484,0.001364,-0.018113,0.014456,0.000595,163,0,0.005231,2026-10-07T17:25:03.447859526Z
SPY,2026-10-12,808,put,29.33,31.57,30.45,0.189766,-0.961503,0.004853,-0.107249,0.069955,-0.028424,0,0,0.492599,2026-10-07T17:21:18.025572838Z
SPY,2026-10-12,809,call,0.01,0.02,0.015,0.128523,0.005328,0.001303,-0.018145,0.014089,0.000578,165,0,0.005076,2026-10-07T17:25:03.448179634Z
SPY,2026-10-12,809,put,30.33,32.66,31.495,0.201836,-0.955452,0.005173,-0.131582,0.080479,-0.034337,0,6,0.492521,2026-10-07T17:25:01.949250923Z
SPY,2026-10-12,810,call,0.01,0.02,0.015,0.132099,0.005186,0.001226,-0.018192,0.013754,0.000563,763,100,0.004934,2026-10-07T17:25:03.448324212Z
SPY,2026-10-12,810,put,31.33,33.63,32.48,0.204518,-0.957824,0.004657,-0.127259,0.076268,-0.031828,0,20,0.493169,2026-10-07T17:25:02.57359911Z
SPY,2026-10-12,815,call,0.01,0.02,0.015,0.14998,0.004632,0.000989,-0.01862,0.012439,0.000502,55,5,0.00438,2026-10-07T17:25:03.448269211Z
SPY,2026-10-12,815,put,36.35,38.71,37.53,0.237301,-0.953278,0.003983,-0.165869,0.08363,-0.035481,0,16,0.494641,2026-10-07T17:25:00.219182529Z
SPY,2026-10-12,820,call,0,0.01,0.005,,,,,,,112,150,,2026-10-07T17:25:03.448414279Z
SPY,2026-10-12,820,put,41.33,43.63,42.48,0.257567,-0.956835,0.002801,-0.169442,0.07678,-0.030093,0,14,0.496824,2026-10-07T17:24:51.373974375Z
SPY,2026-10-12,825,call,0,0.01,0.005,,,,,,,85,18,,2026-10-07T17:25:03.448339284Z
SPY,2026-10-12,825,put,46.33,48.66,47.495,0.286624,-0.954704,0.002402,-0.199239,0.079956,-0.031223,0,22,0.498146,2026-10-07T17:25:02.272017598Z
SPY,2026-10-12,830,call,0,0.01,0.005,,,,,,,521,1,,2026-10-07T17:25:03.448324212Z
SPY,2026-10-12,830,put,51.32,53.65,52.485,0.312105,-0.954177,0.00198,-0.220784,0.080209,-0.030121,0,10,0.499591,2026-10-07T17:25:00.219182529Z
SPY,2026-10-12,835,call,0,0.01,0.005,,,,,,,152,0,,2026-10-07T17:25:03.448054288Z
SPY,2026-10-12,835,put,56.35,58.66,57.505,0.341162,-0.952223,0.001698,-0.252201,0.083058,-0.031197,0,0,0.500686,2026-10-07T17:24:21.584969799Z
SPY,2026-10-16,715,call,62.61,64.69,63.65,0.273362,0.976617,0.001639,-0.178809,0.067909,0.173816,540,1,0.488598,2026-10-07T17:25:03.450979228Z
SPY,2026-10-16,715,put,0.12,0.13,0.125,0.241771,-0.012452,0.001104,-0.051465,0.039638,-0.00245,8148,47,0.013572,2026-10-07T17:25:03.447113394Z
SPY,2026-10-16,716,call,61.15,63.91,62.53,0.252947,0.982571,0.001376,-0.151067,0.052928,0.175233,19,0,0.490298,2026-10-07T17:26:06.328413814Z
SPY,2026-10-16,716,put,0.13,0.14,0.135,0.240728,-0.013376,0.001161,-0.0545,0.042167,-0.002631,10918,4,0.014546,2026-10-07T17:26:06.639719985Z
SPY,2026-10-16,717,call,60.13,62.91,61.52,0.247136,0.983122,0.001387,-0.147599,0.051496,0.175593,9,0,0.490571,2026-10-07T17:26:03.346019549Z
SPY,2026-10-16,717,put,0.13,0.14,0.135,0.237152,-0.013528,0.001215,-0.054197,0.04258,-0.002661,1294,5,0.014686,2026-10-07T17:26:06.449064406Z
SPY,2026-10-16,718,call,59.14,61.92,60.53,0.245199,0.982288,0.001454,-0.150003,0.053663,0.175678,28,16,0.490487,2026-10-07T17:26:00.872367458Z
SPY,2026-10-16,718,put,0.13,0.14,0.135,0.233725,-0.013732,0.001226,-0.05409,0.043134,-0.0027,4627,4,0.014882,2026-10-07T17:26:06.449324029Z
SPY,2026-10-16,719,call,58.14,60.92,59.53,0.241473,0.982085,0.001488,-0.149692,0.054185,0.175888,12,0,0.490577,2026-10-07T17:26:06.163437967Z
SPY,2026-10-16,719,put,0.14,0.15,0.145,0.232384,-0.014648,0.001249,-0.056838,0.045603,-0.002881,1302,9,0.015839,2026-10-07T17:26:06.595184733Z
SPY,2026-10-16,720,call,57.24,59.59,58.415,0.211671,0.990557,0.000983,-0.114954,0.031155,0.177811,548,1,0.492946,2026-10-07T17:26:06.485469663Z
SPY,2026-10-16,720,put,0.14,0.15,0.145,0.228956,-0.014885,0.001327,-0.056755,0.046235,-0.002926,30247,3260,0.016067,2026-10-07T17:26:06.72752542Z
SPY,2026-10-16,721,call,56.17,58.93,57.55,0.237301,0.98035,0.001636,-0.154294,0.05862,0.176046,53,0,0.490403,2026-10-07T17:26:06.460244721Z
SPY,2026-10-16,721,put,0.14,0.15,0.145,0.22538,-0.015076,0.001367,-0.056462,0.046745,-0.002963,1304,7,0.016245,2026-10-07T17:26:06.548754505Z
SPY,2026-10-16,722,call,55.16,57.94,56.55,0.233427,0.980159,0.001676,-0.15376,0.059102,0.176259,78,0,0.49049,2026-10-07T17:26:04.229308835Z
SPY,2026-10-16,722,put,0.15,0.16,0.155,0.22389,-0.016052,0.001455,-0.05917,0.049331,-0.003155,20648,14,0.017257,2026-10-07T17:26:06.449054766Z
SPY,2026-10-16,723,call,54.16,56.94,55.55,0.229701,0.9799,0.00173,-0.153465,0.059757,0.176458,20,0,0.490573,2026-10-07T17:26:06.602830254Z
SPY,2026-10-16,723,put,0.15,0.16,0.155,0.220463,-0.016333,0.001514,-0.059112,0.05007,-0.00321,5815,7,0.017529,2026-10-07T17:26:06.605220322Z
SPY,2026-10-16,724,call,53.19,55.95,54.57,0.229105,0.978244,0.001837,-0.158439,0.063899,0.176381,13,0,0.490303,2026-10-07T17:26:06.536814883Z
SPY,2026-10-16,724,put,0.15,0.16,0.155,0.216886,-0.016566,0.001528,-0.058835,0.050679,-0.003255,26673,15,0.017747,2026-10-07T17:26:06.608549767Z
SPY,2026-10-16,725,call,52.27,54.6,53.435,0.199452,0.988399,0.001235,-0.119928,0.037277,0.178636,1218,0,0.492983,2026-10-07T17:25:57.55746116Z
SPY,2026-10-16,725,put,0.16,0.17,0.165,0.215247,-0.017608,0.001595,-0.06149,0.053391,-0.003459,58432,177,0.018819,2026-10-07T17:26:06.642040028Z
SPY,2026-10-16,726,call,51.24,53.96,52.6,0.225678,0.975669,0.00207,-0.165049,0.070213,0.176373,22,0,0.489943,2026-10-07T17:25:49.089204196Z
SPY,2026-10-16,726,put,0.16,0.17,0.165,0.211671,-0.017878,0.001712,-0.061232,0.054091,-0.003512,12596,2526,0.019074,2026-10-07T17:26:06.635289892Z
SPY,2026-10-16,727,call,50.18,52.96,51.57,0.217482,0.97749,0.001985,-0.156857,0.065763,0.176984,86,1,0.490537,2026-10-07T17:26:06.49974977Z
SPY,2026-10-16,727,put,0.17,0.18,0.175,0.209883,-0.018957,0.001794,-0.063792,0.056858,-0.003723,15744,8,0.020176,2026-10-07T17:26:06.643710203Z
SPY,2026-10-16,728,call,49.34,51.46,50.4,0.175908,0.99227,0.000971,-0.10504,0.026138,0.180147,183,0,0.494365,2026-10-07T17:25:57.558760912Z
SPY,2026-10-16,728,put,0.17,0.18,0.175,0.206158,-0.019202,0.001824,-0.063316,0.057483,-0.003771,22959,31,0.0204,2026-10-07T17:26:06.449619393Z
SPY,2026-10-16,729,call,48.3,50.98,49.64,0.219271,0.971877,0.002385,-0.173452,0.079251,0.176376,43,6,0.489467,2026-10-07T17:26:00.703316644Z
SPY,2026-10-16,729,put,0.18,0.19,0.185,0.20422,-0.020313,0.001958,-0.065759,0.060295,-0.003989,33171,24,0.021528,2026-10-07T17:26:06.640130168Z
SPY,2026-10-16,730,call,47.29,49.56,48.425,0.17859,0.988939,0.001335,-0.114782,0.035763,0.179992,1113,26,0.493737,2026-10-07T17:25:45.249315597Z
SPY,2026-10-16,730,put,0.19,0.2,0.195,0.202283,-0.021499,0.002083,-0.068304,0.06326,-0.004221,63390,8462,0.02273,2026-10-07T17:26:06.690050232Z
SPY,2026-10-16,731,call,46.3,48.5,47.4,0.165179,0.992227,0.001044,-0.103945,0.026265,0.180888,290,0,0.494697,2026-10-07T17:25:57.556571255Z
SPY,2026-10-16,731,put,0.19,0.2,0.195,0.198558,-0.021822,0.002117,-0.067859,0.064063,-0.004284,2227,38,0.023028,2026-10-07T17:26:06.448865994Z
SPY,2026-10-16,732,call,45.31,47.53,46.42,0.168458,0.98987,0.001301,-0.110662,0.033126,0.180675,150,0,0.49421,2026-10-07T17:25:57.556436611Z
SPY,2026-10-16,732,put,0.2,0.21,0.205,0.196472,-0.023046,0.002283,-0.07027,0.06708,-0.004523,56428,30,0.02426,2026-10-07T17:26:06.449170245Z
SPY,2026-10-16,733,call,44.32,46.54,45.43,0.167713,0.988702,0.001436,-0.113573,0.036429,0.180696,149,0,0.494038,2026-10-07T17:25:57.557020869Z
SPY,2026-10-16,733,put,0.21,0.22,0.215,0.194237,-0.024266,0.002424,-0.072511,0.070055,-0.004762,21391,20,0.025481,2026-10-07T17:26:06.553874523Z
SPY,2026-10-16,734,call,43.32,45.6,44.46,0.171438,0.985405,0.001757,-0.122631,0.04546,0.180298,227,0,0.493368,2026-10-07T17:25:57.558410916Z
SPY,2026-10-16,734,put,0.21,0.22,0.215,0.190511,-0.024685,0.002493,-0.072103,0.071069,-0.004844,15557,66,0.025871,2026-10-07T17:26:06.658175078Z
SPY,2026-10-16,735,call,42.34,44.11,43.225,,,,,,,3652,3,,2026-10-07T17:25:45.246840559Z
SPY,2026-10-16,735,put,0.22,0.23,0.225,0.188127,-0.025941,0.002612,-0.074177,0.074085,-0.005089,28048,303,0.027117,2026-10-07T17:26:06.641765486Z
SPY,2026-10-16,736,call,41.36,43.71,42.535,0.178441,0.977245,0.002461,-0.144346,0.066366,0.179192,161,0,0.491742,2026-10-07T17:25:57.55746116Z
SPY,2026-10-16,736,put,0.23,0.24,0.235,0.185743,-0.02728,0.002765,-0.076332,0.077266,-0.005351,38087,64,0.028443,2026-10-07T17:26:06.552594521Z
SPY,2026-10-16,737,call,40.36,42.66,41.51,0.169799,0.979804,0.002338,-0.135607,0.06,0.179947,182,0,0.492454,2026-10-07T17:25:57.55726089Z
SPY,2026-10-16,737,put,0.24,0.25,0.245,0.18321,-0.028608,0.00293,-0.078281,0.080388,-0.005611,5323,162,0.02975,2026-10-07T17:26:06.449534479Z
SPY,2026-10-16,738,call,39.37,41.51,40.44,0.152364,0.98696,0.001805,-0.114937,0.041249,0.181604,410,0,0.494242,2026-10-07T17:25:57.558081605Z
SPY,2026-10-16,738,put,0.25,0.26,0.255,0.180528,-0.029921,0.00307,-0.080006,0.08344,-0.005867,8814,15,0.031032,2026-10-07T17:26:06.648206585Z
SPY,2026-10-16,739,call,38.38,40.46,39.42,0.143424,0.989348,0.001618,-0.108012,0.034611,0.182322,652,0,0.494916,2026-10-07T17:26:02.956218467Z
SPY,2026-10-16,739,put,0.26,0.27,0.265,0.177845,-0.031321,0.003211,-0.081797,0.086659,-0.00614,21044,108,0.032396,2026-10-07T17:26:06.649510289Z
SPY,2026-10-16,740,call,37.4,39.5,38.45,0.147447,0.985457,0.002036,-0.117208,0.045321,0.181809,4305,3,0.494145,2026-10-07T17:26:06.543920004Z
SPY,2026-10-16,740,put,0.27,0.28,0.275,0.175163,-0.032814,0.003408,-0.083657,0.090056,-0.006432,57910,425,0.033848,2026-10-07T17:26:06.654080499Z
SPY,2026-10-16,741,call,36.41,38.53,37.47,0.147894,0.982913,0.002333,-0.122659,0.052041,0.181559,488,0,0.493696,2026-10-07T17:25:57.55746116Z
SPY,2026-10-16,741,put,0.29,0.3,0.295,0.173524,-0.035238,0.00366,-0.08781,0.095492,-0.006906,3772,129,0.036226,2026-10-07T17:26:06.538169456Z
SPY,2026-10-16,742,call,35.43,37.96,36.695,0.173673,0.960649,0.003996,-0.178156,0.104508,0.177427,237,0,0.488835,2026-10-07T17:25:57.556395963Z
SPY,2026-10-16,742,put,0.3,0.31,0.305,0.170544,-0.036732,0.003835,-0.089211,0.098796,-0.007198,9776,600,0.037655,2026-10-07T17:26:06.708270271Z
SPY,2026-10-16,743,call,34.46,36.63,35.545,0.15296,0.973636,0.003259,-0.142857,0.075094,0.180237,565,1,0.491895,2026-10-07T17:25:57.556177204Z
SPY,2026-10-16,743,put,0.32,0.33,0.325,0.168607,-0.039234,0.004047,-0.09299,0.104252,-0.007687,4558,156,0.040079,2026-10-07T17:26:06.449204391Z
SPY,2026-10-16,744,call,33.46,35.35,34.405,0.122711,0.990357,0.0017,-0.102784,0.031732,0.18377,182,0,0.495738,2026-10-07T17:25:57.557542515Z
SPY,2026-10-16,744,put,0.34,0.35,0.345,0.166371,-0.041657,0.004384,-0.096245,0.10945,-0.00816,4001,72,0.042401,2026-10-07T17:26:06.65950509Z
SPY,2026-10-16,745,call,32.48,34,33.24,,,,,,,2630,16,,2026-10-07T17:26:06.543950519Z
SPY,2026-10-16,745,put,0.35,0.36,0.355,0.163242,-0.043411,0.00462,-0.097539,0.113163,-0.008501,45792,12685,0.044055,2026-10-07T17:26:06.464540765Z
SPY,2026-10-16,746,call,31.55,33.57,32.56,0.142679,0.971044,0.003772,-0.143508,0.081199,0.180481,347,0,0.491755,2026-10-07T17:25:57.556051298Z
SPY,2026-10-16,746,put,0.37,0.38,0.375,0.161007,-0.046178,0.004897,-0.101009,0.118935,-0.009041,2220,155,0.046693,2026-10-07T17:26:06.650259999Z
SPY,2026-10-16,747,call,30.54,32.91,31.725,0.155792,0.953941,0.005039,-0.179999,0.118692,0.177366,241,0,0.488121,2026-10-07T17:25:57.556395963Z
SPY,2026-10-16,747,put,0.4,0.41,0.405,0.159219,-0.049628,0.005235,-0.105711,0.125997,-0.009714,4100,64,0.049958,2026-10-07T17:26:06.446004009Z
SPY,2026-10-16,748,call,29.59,30.95,30.27,,,,,,,177,2,,2026-10-07T17:25:58.096238548Z
SPY,2026-10-16,748,put,0.42,0.43,0.425,0.156686,-0.052542,0.005566,-0.108739,0.131851,-0.010282,5977,269,0.052692,2026-10-07T17:26:06.543145449Z
SPY,2026-10-16,749,call,28.6,30.06,29.33,,,,,,,322,0,,2026-10-07T17:26:02.258429123Z
SPY,2026-10-16,749,put,0.45,0.46,0.455,0.154749,-0.056366,0.005955,-0.113402,0.139385,-0.011027,5391,457,0.056273,2026-10-07T17:26:06.448954023Z
SPY,2026-10-16,750,call,28.87,28.94,28.905,0.15609,0.93558,0.006575,-0.20979,0.154748,0.174504,6725,12,0.48439,2026-10-07T17:26:06.516494873Z
SPY,2026-10-16,750,put,0.48,0.49,0.485,0.152513,-0.060145,0.006372,-0.117465,0.146675,-0.011763,73195,19012,0.059766,2026-10-07T17:26:06.448785372Z
SPY,2026-10-16,751,call,26.95,28.7,27.825,0.146404,0.94062,0.006579,-0.194469,0.145215,0.175752,443,0,0.485758,2026-10-07T17:25:57.556817148Z
SPY,2026-10-16,751,put,0.51,0.52,0.515,0.150129,-0.064045,0.006866,-0.121277,0.154043,-0.012522,14385,91,0.063339,2026-10-07T17:26:06.612814921Z
SPY,2026-10-16,752,call,26.92,27.9,27.41,0.17263,0.899545,0.008294,-0.27926,0.216416,0.167897,510,4,0.4759,2026-10-07T17:25:03.44328422Z
SPY,2026-10-16,752,put,0.55,0.56,0.555,0.148341,-0.068904,0.007297,-0.126644,0.163025,-0.013469,4872,172,0.067778,2026-10-07T17:25:03.913385623Z
SPY,2026-10-16,753,call,24.72,26.2,25.46,0.098422,0.983891,0.003336,-0.108574,0.049485,0.184769,490,77,0.495424,2026-10-07T17:25:03.443774264Z
SPY,2026-10-16,753,put,0.59,0.6,0.595,0.146404,-0.074105,0.007811,-0.131981,0.172388,-0.01448,34509,255,0.072499,2026-10-07T17:25:04.595924669Z
SPY,2026-10-16,754,call,23.89,25.24,24.565,0.110492,0.966639,0.005481,-0.135798,0.091299,0.18164,732,0,0.491977,2026-10-07T17:25:03.451539251Z
SPY,2026-10-16,754,put,0.63,0.64,0.635,0.14402,-0.079105,0.00833,-0.13623,0.181165,-0.01545,3583,851,0.076946,2026-10-07T17:25:04.691064363Z
SPY,2026-10-16,755,call,23.99,24.3,24.145,0.145659,0.909582,0.009105,-0.235586,0.200278,0.170661,3997,493,0.479069,2026-10-07T17:25:03.451074226Z
SPY,2026-10-16,755,put,0.68,0.69,0.685,0.142232,-0.085408,0.008936,-0.14231,0.191933,-0.016673,24713,5909,0.082557,2026-10-07T17:25:04.691064363Z
SPY,2026-10-16,756,call,22.04,23.88,22.96,0.131056,0.922335,0.009032,-0.205246,0.178666,0.173435,1064,0,0.482401,2026-10-07T17:25:03.453294273Z
SPY,2026-10-16,756,put,0.73,0.74,0.735,0.139996,-0.091554,0.009554,-0.147258,0.20213,-0.017864,2751,2049,0.087915,2026-10-07T17:25:02.552064052Z
SPY,2026-10-16,757,call,20.93,22.81,21.87,0.121221,0.928625,0.009156,-0.188857,0.16751,0.17493,751,42,0.484023,2026-10-07T17:25:02.121622872Z
SPY,2026-10-16,757,put,0.79,0.8,0.795,0.138208,-0.098937,0.010283,-0.153645,0.214008,-0.019293,27998,435,0.094328,2026-10-07T17:25:04.69713938Z
SPY,2026-10-16,758,call,21.11,22.07,21.59,0.14998,0.871394,0.011399,-0.284858,0.258067,0.163882,1539,18,0.469922,2026-10-07T17:25:01.957552096Z
SPY,2026-10-16,758,put,0.86,0.87,0.865,0.136569,-0.107188,0.011041,-0.160615,0.226827,-0.020889,4931,561,0.101391,2026-10-07T17:25:02.5522792Z
SPY,2026-10-16,759,call,19.97,20.53,20.25,0.130907,0.890864,0.011621,-0.239401,0.229804,0.167999,1231,2,0.475224,2026-10-07T17:25:05.009002025Z
SPY,2026-10-16,759,put,0.94,0.95,0.945,0.13493,-0.116127,0.011739,-0.167709,0.240204,-0.022614,6772,373,0.10889,2026-10-07T17:25:04.850106341Z
SPY,2026-10-16,760,call,19.47,19.53,19.5,0.135973,0.869659,0.01268,-0.266913,0.260475,0.164068,10076,79,0.469892,2026-10-07T17:25:05.333803575Z
SPY,2026-10-16,760,put,1.01,1.02,1.015,0.132695,-0.124762,0.012621,-0.173084,0.252648,-0.024276,23955,4600,0.116022,2026-10-07T17:25:04.597093852Z
SPY,2026-10-16,761,call,18.4,18.89,18.645,0.136271,0.855727,0.013567,-0.280215,0.279185,0.161573,2941,10,0.466387,2026-10-07T17:25:04.696640443Z
SPY,2026-10-16,761,put,1.1,1.11,1.105,0.131056,-0.13521,0.013529,-0.180316,0.267108,-0.026284,4263,1820,0.124564,2026-10-07T17:25:03.444433663Z
SPY,2026-10-16,762,call,17.47,18.5,17.985,0.142232,0.831308,0.01439,-0.310942,0.309482,0.156995,3027,7,0.459721,2026-10-07T17:24:55.945067247Z
SPY,2026-10-16,762,put,1.2,1.21,1.205,0.129417,-0.146511,0.014465,-0.187563,0.282056,-0.028451,4789,318,0.133616,2026-10-07T17:25:05.324637698Z
SPY,2026-10-16,763,call,15.44,17.18,16.31,0.113174,0.870163,0.015207,-0.234312,0.259778,0.164962,2392,13,0.470838,2026-10-07T17:25:04.233518016Z
SPY,2026-10-16,763,put,1.31,1.32,1.315,0.127777,-0.158726,0.015441,-0.194774,0.297441,-0.030785,4793,6068,0.143199,2026-10-07T17:25:04.643549065Z
SPY,2026-10-16,764,call,14.55,15.99,15.27,0.106469,0.868477,0.016299,-0.226088,0.262104,0.164894,2491,12,0.470653,2026-10-07T17:25:04.706785535Z
SPY,2026-10-16,764,put,1.43,1.44,1.435,0.126138,-0.171914,0.016483,-0.201889,0.313201,-0.033296,3151,448,0.15333,2026-10-07T17:25:04.849907087Z
SPY,2026-10-16,765,call,15.01,15.08,15.045,0.126883,0.809727,0.017424,-0.300298,0.333821,0.153536,7698,260,0.454367,2026-10-07T17:25:04.907161483Z
SPY,2026-10-16,765,put,1.56,1.58,1.57,0.124499,-0.186136,0.017555,-0.20884,0.329256,-0.035993,19670,6717,0.16403,2026-10-07T17:25:05.333284Z
SPY,2026-10-16,766,call,14.16,14.23,14.195,0.125244,0.794494,0.018479,-0.307001,0.349722,0.15079,7220,24,0.450029,2026-10-07T17:25:04.807341053Z
SPY,2026-10-16,766,put,1.71,1.73,1.72,0.123009,-0.201733,0.018672,-0.216002,0.345795,-0.038938,5338,1019,0.175442,2026-10-07T17:25:04.703934383Z
SPY,2026-10-16,767,call,13.32,13.39,13.355,0.123605,0.778154,0.019586,-0.31335,0.365664,0.147825,7354,34,0.445322,2026-10-07T17:25:04.60181999Z
SPY,2026-10-16,767,put,1.87,1.89,1.88,0.12137,-0.218205,0.019764,-0.22238,0.362105,-0.042027,7779,1302,0.187143,2026-10-07T17:25:01.97340682Z
SPY,2026-10-16,768,call,11.6,12.8,12.2,0.113025,0.777265,0.021471,-0.292706,0.3665,0.147942,4287,8,0.445464,2026-10-07T17:25:04.545164688Z
SPY,2026-10-16,768,put,2.05,2.07,2.06,0.120029,-0.236427,0.021021,-0.229219,0.378829,-0.045425,15757,2956,0.199852,2026-10-07T17:25:01.972191083Z
SPY,2026-10-16,769,call,11.66,11.81,11.735,0.120625,0.741452,0.021795,-0.325463,0.397515,0.1411,3464,230,0.434101,2026-10-07T17:25:04.549964771Z
SPY,2026-10-16,769,put,2.25,2.27,2.26,0.118688,-0.255879,0.022129,-0.235505,0.395217,-0.049023,4303,762,0.212949,2026-10-07T17:25:03.444748417Z
SPY,2026-10-16,770,call,10.91,10.97,10.94,0.118837,0.721768,0.023007,-0.329699,0.412461,0.137476,19481,1229,0.427873,2026-10-07T17:25:05.329768583Z
SPY,2026-10-16,770,put,2.47,2.48,2.475,0.117347,-0.276594,0.023352,-0.241122,0.411074,-0.052817,20947,8830,0.22641,2026-10-07T17:25:04.715699525Z
SPY,2026-10-16,771,call,10.12,10.24,10.18,0.117496,0.700109,0.024058,-0.334426,0.427268,0.133458,3456,83,0.420662,2026-10-07T17:25:04.55402975Z
SPY,2026-10-16,771,put,2.71,2.72,2.715,0.116155,-0.298821,0.024472,-0.246368,0.42633,-0.056844,3329,955,0.240497,2026-10-07T17:25:05.328272303Z
SPY,2026-10-16,772,call,9.4,9.47,9.435,0.116155,0.677226,0.025157,-0.338213,0.44111,0.129198,5886,1693,0.41277,2026-10-07T17:25:04.598875375Z
SPY,2026-10-16,772,put,2.97,2.98,2.975,0.114813,-0.322098,0.025593,-0.250264,0.440422,-0.060999,4139,7795,0.254595,2026-10-07T17:25:05.437062827Z
SPY,2026-10-16,773,call,8.65,8.82,8.735,0.115111,0.652769,0.026093,-0.341751,0.453922,0.124623,2677,199,0.403865,2026-10-07T17:25:04.225768564Z
SPY,2026-10-16,773,put,3.25,3.27,3.26,0.113472,-0.346671,0.026712,-0.253111,0.453272,-0.065311,2971,1264,0.268969,2026-10-07T17:25:05.327112223Z
SPY,2026-10-16,774,call,7.99,8.07,8.03,0.113472,0.627839,0.027129,-0.342455,0.464932,0.119957,3725,2764,0.394623,2026-10-07T17:25:05.218443076Z
SPY,2026-10-16,774,put,3.56,3.58,3.57,0.11228,-0.372681,0.027745,-0.255183,0.464671,-0.069786,6753,6236,0.283602,2026-10-07T17:25:05.325297901Z
SPY,2026-10-16,775,call,7.33,7.39,7.36,0.112131,0.601399,0.027994,-0.342657,0.474403,0.114988,20274,9146,0.384349,2026-10-07T17:25:04.377533897Z
SPY,2026-10-16,775,put,3.9,3.91,3.905,0.111088,-0.399881,0.028634,-0.255943,0.474224,-0.074349,8749,7971,0.298149,2026-10-07T17:25:05.325143428Z
SPY,2026-10-16,776,call,6.69,6.75,6.72,0.110939,0.573778,0.028766,-0.341822,0.481919,0.109782,2801,4611,0.37324,2026-10-07T17:25:03.446304259Z
SPY,2026-10-16,776,put,4.27,4.29,4.28,0.110045,-0.428303,0.029436,-0.255674,0.481671,-0.078978,1993,1152,0.312788,2026-10-07T17:25:05.326222489Z
SPY,2026-10-16,777,call,6.11,6.13,6.12,0.109896,0.545166,0.029347,-0.339841,0.487182,0.104374,3432,3449,0.361069,2026-10-07T17:25:05.346858638Z
SPY,2026-10-16,777,put,4.66,4.69,4.675,0.109002,-0.457707,0.030159,-0.253875,0.486687,-0.083587,2158,1832,0.327189,2026-10-07T17:25:05.412702702Z
SPY,2026-10-16,778,call,5.53,5.55,5.54,0.108853,0.515501,0.029797,-0.336217,0.489951,0.098755,5875,1264,0.347986,2026-10-07T17:25:04.735215678Z
SPY,2026-10-16,778,put,5.1,5.11,5.105,0.107959,-0.488303,0.030734,-0.25045,0.489024,-0.088156,2263,982,0.341571,2026-10-07T17:25:04.851065679Z
SPY,2026-10-16,779,call,4.99,5.01,5,0.10781,0.485822,0.030105,-0.33096,0.490018,0.093126,2981,571,0.334304,2026-10-07T17:25:05.442064099Z
SPY,2026-10-16,779,put,5.55,5.58,5.565,0.107065,-0.519003,0.031146,-0.245797,0.488446,-0.09248,1729,515,0.355235,2026-10-07T17:25:05.325817589Z
SPY,2026-10-16,780,call,4.48,4.5,4.49,0.106767,0.455379,0.03022,-0.323978,0.487257,0.08734,18311,7801,0.319498,2026-10-07T17:25:05.364128781Z
SPY,2026-10-16,780,put,6.05,6.07,6.06,0.106022,-0.550637,0.031375,-0.239036,0.484753,-0.096588,7411,2035,0.368547,2026-10-07T17:25:05.335717262Z
SPY,2026-10-16,781,call,4,4.01,4.005,0.105873,0.424758,0.030117,-0.31571,0.481581,0.081511,9150,742,0.304143,2026-10-07T17:25:05.335028574Z
SPY,2026-10-16,781,put,6.56,6.65,6.605,0.105575,-0.582218,0.031374,-0.232231,0.477935,-0.100355,979,299,0.381188,2026-10-07T17:25:04.222982066Z
SPY,2026-10-16,782,call,3.55,3.57,3.56,0.10483,0.393957,0.02985,-0.305365,0.472902,0.075641,4000,409,0.287833,2026-10-07T17:25:04.734910678Z
SPY,2026-10-16,782,put,7.15,7.22,7.185,0.104979,-0.613922,0.031142,-0.223414,0.46787,-0.103652,688,359,0.393005,2026-10-07T17:25:05.431917764Z
SPY,2026-10-16,783,call,3.14,3.16,3.15,0.104085,0.36364,0.029333,-0.294302,0.461398,0.069853,7639,552,0.271179,2026-10-07T17:25:03.811700943Z
SPY,2026-10-16,783,put,7.69,8.48,8.085,0.11079,-0.636377,0.029014,-0.231685,0.459077,-0.106579,538,160,0.401685,2026-10-07T17:25:03.988125931Z
SPY,2026-10-16,784,call,2.76,2.78,2.77,0.103191,0.333537,0.028667,-0.281342,0.446997,0.064101,7010,1229,0.253753,2026-10-07T17:25:03.44275434Z
SPY,2026-10-16,784,put,8.29,9.18,8.735,0.110641,-0.665142,0.028456,-0.221759,0.445,-0.108858,300,243,0.411563,2026-10-07T17:25:03.631309302Z
SPY,2026-10-16,785,call,2.42,2.43,2.425,0.102595,0.304546,0.027776,-0.267991,0.430232,0.058554,45948,7962,0.236319,2026-10-07T17:25:04.869811904Z
SPY,2026-10-16,785,put,9.02,9.1,9.06,0.101998,-0.710114,0.029891,-0.184533,0.416611,-0.109436,7396,334,0.424849,2026-10-07T17:25:05.347182822Z
SPY,2026-10-16,786,call,2.1,2.12,2.11,0.1017,0.275852,0.026747,-0.252572,0.41073,0.05306,5750,792,0.218265,2026-10-07T17:25:04.726930637Z
SPY,2026-10-16,786,put,9.69,10.67,10.18,0.111684,-0.71805,0.026802,-0.20266,0.411678,-0.111647,171,103,0.428432,2026-10-07T17:25:04.493973897Z
SPY,2026-10-16,787,call,1.82,1.84,1.83,0.101253,0.24909,0.025461,-0.237677,0.389813,0.04793,3171,544,0.200878,2026-10-07T17:25:04.692850451Z
SPY,2026-10-16,787,put,10.33,11.45,10.89,0.111088,-0.745404,0.025992,-0.188247,0.390349,-0.111816,196,3,0.436384,2026-10-07T17:25:03.594479138Z
SPY,2026-10-16,788,call,1.57,1.58,1.575,0.100657,0.223243,0.024115,-0.2216,0.366975,0.042972,2058,705,0.183236,2026-10-07T17:25:05.32495353Z
SPY,2026-10-16,788,put,10.76,12.32,11.54,0.107959,-0.778278,0.02554,-0.164678,0.360592,-0.110133,179,118,0.444782,2026-10-07T17:25:04.226482058Z
SPY,2026-10-16,789,call,1.35,1.36,1.355,0.100359,0.199461,0.02268,-0.206077,0.343534,0.038407,2293,856,0.166526,2026-10-07T17:25:05.326183564Z
SPY,2026-10-16,789,put,11.51,13.27,12.39,0.109598,-0.798635,0.024256,-0.156116,0.340206,-0.109119,20,13,0.450115,2026-10-07T17:25:01.146257066Z
SPY,2026-10-16,790,call,1.15,1.16,1.155,0.099763,0.176441,0.021145,-0.189285,0.318474,0.033986,28553,4390,0.149673,2026-10-07T17:25:05.345088656Z
SPY,2026-10-16,790,put,12.51,14.13,13.32,0.113174,-0.812483,0.022703,-0.153876,0.325522,-0.108663,784,134,0.4539,2026-10-07T17:25:00.945081049Z
SPY,2026-10-16,791,call,0.97,0.98,0.975,0.099167,0.154957,0.019566,-0.172463,0.292819,0.029857,2946,739,0.133484,2026-10-07T17:25:05.342103643Z
SPY,2026-10-16,791,put,13.08,15.05,14.065,0.110492,-0.84159,0.021851,-0.130246,0.290746,-0.103633,15,12,0.459923,2026-10-07T17:24:53.402114133Z
SPY,2026-10-16,792,call,0.82,0.83,0.825,0.098869,0.135806,0.017966,-0.156866,0.267944,0.026174,3228,561,0.1186,2026-10-07T17:25:04.736325712Z
SPY,2026-10-16,792,put,13.65,15.8,14.725,0.102595,-0.886537,0.02118,-0.088413,0.227648,-0.089509,11,8,0.46705,2026-10-07T17:25:01.951811042Z
SPY,2026-10-16,793,call,0.69,0.7,0.695,0.09872,0.11862,0.016334,-0.142147,0.243865,0.022868,7182,387,0.104909,2026-10-07T17:25:03.444654614Z
SPY,2026-10-16,793,put,14.44,16.92,15.68,0.105128,-0.898458,0.019655,-0.082653,0.209452,-0.085971,1,0,0.469539,2026-10-07T17:24:53.480104576Z
SPY,2026-10-16,794,call,0.57,0.59,0.58,0.098124,0.101963,0.014745,-0.126431,0.218778,0.019662,6796,601,0.09126,2026-10-07T17:25:04.385259028Z
SPY,2026-10-16,794,put,15.4,17.9,16.65,0.108257,-0.907311,0.018239,-0.079138,0.195439,-0.08324,2,0,0.47151,2026-10-07T17:25:04.255282927Z
SPY,2026-10-16,795,call,0.48,0.49,0.485,0.098273,0.088583,0.013302,-0.113865,0.197247,0.017085,24444,1332,0.08005,2026-10-07T17:24:57.906117281Z
SPY,2026-10-16,795,put,16.36,18.86,17.61,0.11079,-0.916925,0.016974,-0.073825,0.17944,-0.079421,19,18,0.473487,2026-10-07T17:25:02.344697978Z
SPY,2026-10-16,796,call,0.4,0.41,0.405,0.098124,0.075978,0.011847,-0.101037,0.175707,0.014657,6755,355,0.069254,2026-10-07T17:25:03.446994701Z
SPY,2026-10-16,796,put,17.34,19.82,18.58,0.113472,-0.925112,0.015724,-0.069268,0.165266,-0.075759,1,0,0.475136,2026-10-07T17:25:04.120616532Z
SPY,2026-10-16,797,call,0.33,0.34,0.335,0.098124,0.065062,0.01053,-0.089477,0.155954,0.012554,16922,240,0.05978,2026-10-07T17:25:03.447244269Z
SPY,2026-10-16,797,put,18.33,20.81,19.57,0.117198,-0.92958,0.014664,-0.068382,0.157456,-0.074049,0,0,0.476433,2026-10-07T17:25:04.505828416Z
SPY,2026-10-16,798,call,0.27,0.28,0.275,0.097975,0.055143,0.009249,-0.078321,0.137004,0.010642,6413,114,0.051019,2026-10-07T17:25:03.913441443Z
SPY,2026-10-16,798,put,19.33,21.81,20.57,0.121519,-0.931979,0.013679,-0.069597,0.153331,-0.073523,1,1,0.477537,2026-10-07T17:25:04.116396578Z
SPY,2026-10-16,799,call,0.23,0.24,0.235,0.09872,0.047956,0.008228,-0.07047,0.122603,0.009256,3785,534,0.044579,2026-10-07T17:25:04.553994684Z
SPY,2026-10-16,799,put,20.33,22.79,21.56,0.125095,-0.935885,0.012786,-0.068537,0.146199,-0.071661,0,0,0.47866,2026-10-07T17:25:04.871915104Z
SPY,2026-10-16,800,call,0.19,0.2,0.195,0.099018,0.040941,0.007191,-0.062105,0.107932,0.007903,26911,1939,0.038239,2026-10-07T17:25:03.447004212Z
SPY,2026-10-16,800,put,21.64,23.75,22.695,0.138059,-0.918159,0.012242,-0.098014,0.179265,-0.085089,564,26,0.478152,2026-10-07T17:24:53.414799278Z
SPY,2026-10-16,801,call,0.16,0.17,0.165,0.099614,0.035248,0.006346,-0.055193,0.095522,0.006805,655,70,0.033036,2026-10-07T17:25:05.134722646Z
SPY,2026-10-16,801,put,22.12,24.8,23.46,0.125393,-0.958083,0.010757,-0.046005,0.101339,-0.053433,0,0,0.481315,2026-10-07T17:25:04.555328715Z
SPY,2026-10-16,802,call,0.13,0.14,0.135,0.099763,0.029707,0.005491,-0.04792,0.082951,0.005736,1868,44,0.027941,2026-10-07T17:25:03.447069264Z
SPY,2026-10-16,802,put,23.01,25.8,24.405,0.123456,-0.972433,0.009546,-0.03017,0.068988,-0.037314,0,0,0.482212,2026-10-07T17:25:04.070731389Z
SPY,2026-10-16,803,call,0.11,0.12,0.115,0.100657,0.025794,0.00487,-0.042908,0.07374,0.004981,4679,22,0.024313,2026-10-07T17:25:03.446949519Z
SPY,2026-10-16,803,put,24.01,26.79,25.4,0.125691,-0.976371,0.008774,-0.026824,0.05946,-0.031952,0,0,0.482926,2026-10-07T17:25:05.360407439Z
SPY,2026-10-16,804,call,0.09,0.1,0.095,0.100955,0.021756,0.00417,-0.037238,0.063904,0.004201,2848,81,0.020551,2026-10-07T17:25:03.446129417Z
SPY,2026-10-16,804,put,25.02,27.79,26.405,0.131056,-0.973451,0.008369,-0.031884,0.066373,-0.035693,0,0,0.483708,2026-10-07T17:25:05.348277332Z
SPY,2026-10-16,805,call,0.08,0.09,0.085,0.102595,0.019561,0.003784,-0.034527,0.058399,0.003777,11972,267,0.018489,2026-10-07T17:25:04.706620473Z
SPY,2026-10-16,805,put,26.01,28.79,27.4,0.13344,-0.976492,0.007679,-0.029282,0.058824,-0.031057,38,8,0.484391,2026-10-07T17:25:05.338482317Z
SPY,2026-10-16,806,call,0.07,0.08,0.075,0.104085,0.01749,0.003345,-0.031797,0.053089,0.003377,1799,27,0.016541,2026-10-07T17:25:03.446709292Z
SPY,2026-10-16,806,put,27.01,29.79,28.4,0.137165,-0.976708,0.007229,-0.030277,0.058086,-0.030271,0,0,0.485046,2026-10-07T17:25:05.328672253Z
SPY,2026-10-16,807,call,0.06,0.07,0.065,0.105128,0.015304,0.002994,-0.028607,0.047354,0.002955,1507,21,0.014482,2026-10-07T17:25:03.44626426Z
SPY,2026-10-16,807,put,28.01,30.79,29.4,0.14104,-0.97658,0.006739,-0.031731,0.058187,-0.02995,0,0,0.485698,2026-10-07T17:25:05.315577226Z
SPY,2026-10-16,808,call,0.05,0.06,0.055,0.106022,0.013289,0.002611,-0.025515,0.041932,0.002566,845,8,0.012583,2026-10-07T17:25:03.446779607Z
SPY,2026-10-16,808,put,29.01,31.79,30.4,0.144914,-0.976402,0.006346,-0.033263,0.058402,-0.029668,0,0,0.486321,2026-10-07T17:25:05.289392036Z
SPY,2026-10-16,809,call,0.05,0.06,0.055,0.109002,0.012928,0.002473,-0.02558,0.040947,0.002496,3969,2,0.012228,2026-10-07T17:25:03.44629425Z
SPY,2026-10-16,809,put,30.01,32.79,31.4,0.148788,-0.976182,0.005976,-0.034868,0.058714,-0.029421,0,0,0.486918,2026-10-07T17:25:05.279136993Z
SPY,2026-10-16,810,call,0.04,0.05,0.045,0.1093,0.010903,0.002144,-0.022101,0.03532,0.002105,16381,77,0.010318,2026-10-07T17:25:03.446859856Z
SPY,2026-10-16,810,put,31.01,33.79,32.4,0.152811,-0.975707,0.005669,-0.036888,0.059665,-0.029584,16,6,0.487512,2026-10-07T17:25:05.269831977Z
SPY,2026-10-16,811,call,0.04,0.05,0.045,0.11228,0.01067,0.00203,-0.022253,0.034662,0.00206,23,0,0.010086,2026-10-07T17:25:05.059907234Z
SPY,2026-10-16,811,put,32.01,34.79,33.4,0.156686,-0.975432,0.005341,-0.038621,0.060107,-0.029389,0,0,0.488062,2026-10-07T17:25:05.258156987Z
SPY,2026-10-16,812,call,0.04,0.05,0.045,0.11526,0.010456,0.001967,-0.022418,0.034055,0.002019,13,0,0.009872,2026-10-07T17:25:03.463624362Z
SPY,2026-10-16,812,put,33.01,35.79,34.4,0.16056,-0.975131,0.005084,-0.040416,0.06061,-0.029221,0,0,0.488591,2026-10-07T17:25:05.250676915Z
SPY,2026-10-16,813,call,0.03,0.04,0.035,0.114962,0.008578,0.001641,-0.018789,0.028642,0.001656,0,5,0.008103,2026-10-07T17:25:04.046482226Z
SPY,2026-10-16,813,put,34.01,36.79,35.4,0.164434,-0.974808,0.004783,-0.04227,0.061167,-0.029076,0,0,0.489101,2026-10-07T17:25:05.239251818Z
SPY,2026-10-16,814,call,0.03,0.04,0.035,0.117794,0.008386,0.001593,-0.018855,0.02808,0.001619,1,0,0.007913,2026-10-07T17:25:03.446969199Z
SPY,2026-10-16,814,put,35.01,37.79,36.4,0.168458,-0.974286,0.004551,-0.044505,0.062233,-0.0293,0,0,0.489612,2026-10-07T17:25:05.234531817Z
SPY,2026-10-16,815,call,0.03,0.04,0.035,0.120625,0.008209,0.001511,-0.018931,0.027559,0.001585,16000,75,0.007737,2026-10-07T17:25:03.447194277Z
SPY,2026-10-16,815,put,36.01,38.79,37.4,0.172332,-0.973938,0.004361,-0.046462,0.062853,-0.029191,2,0,0.490087,2026-10-07T17:25:05.230867036Z
SPY,2026-10-16,816,call,0.03,0.04,0.035,0.123456,0.008045,0.001423,-0.019017,0.027075,0.001553,2,0,0.007573,2026-10-07T17:25:03.446724814Z
SPY,2026-10-16,816,put,37.01,39.79,38.4,0.176355,-0.973412,0.004112,-0.048787,0.063934,-0.029431,0,0,0.490564,2026-10-07T17:25:05.219976748Z
SPY,2026-10-16,817,call,0.03,0.04,0.035,0.126138,0.007831,0.001397,-0.018958,0.026441,0.001511,4,0,0.007362,2026-10-07T17:25:03.446164482Z
SPY,2026-10-16,817,put,38.01,40.79,39.4,0.180379,-0.972889,0.003919,-0.051153,0.065008,-0.029675,0,0,0.491025,2026-10-07T17:25:05.21390174Z
SPY,2026-10-16,818,call,0.02,0.03,0.025,,,,,,,0,0,,2026-10-07T17:25:03.446874277Z
SPY,2026-10-16,818,put,39.01,41.79,40.4,0.184253,-0.972521,0.00373,-0.053245,0.06568,-0.029603,0,0,0.491456,2026-10-07T17:25:05.209056679Z
SPY,2026-10-16,819,call,0.02,0.03,0.025,,,,,,,60,0,,2026-10-07T17:25:04.808511056Z
SPY,2026-10-16,819,put,40.01,42.79,41.4,0.188276,-0.971999,0.003568,-0.055688,0.066753,-0.029857,0,0,0.491889,2026-10-07T17:25:05.20003165Z
SPY,2026-10-16,820,call,0.02,0.03,0.025,,,,,,,16124,65,,2026-10-07T17:25:03.458824313Z
SPY,2026-10-16,820,put,41.05,43.79,42.42,0.194982,-0.968948,0.0036,-0.063795,0.074353,-0.03544,1,1,0.492251,2026-10-07T17:25:05.210226725Z
SPY,2026-10-16,825,call,0.02,0.03,0.025,,,,,,,15538,195,,2026-10-07T17:25:03.446229205Z
SPY,2026-10-16,825,put,46.01,48.79,47.4,0.212267,-0.9691,0.002802,-0.070752,0.072627,-0.031111,0,0,0.494233,2026-10-07T17:25:05.151611483Z
SPY,2026-10-16,830,call,0.01,0.02,0.015,,,,,,,18356,42,,2026-10-07T17:25:03.446724814Z
SPY,2026-10-16,830,put,51.01,53.79,52.4,0.232235,-0.966824,0.002272,-0.084069,0.077197,-0.032137,11,0,0.495933,2026-10-07T17:25:05.119961243Z
SPY,2026-10-16,835,call,0.01,0.02,0.015,,,,,,,3171,0,,2026-10-07T17:25:03.446944971Z
SPY,2026-10-16,835,put,56.01,58.8,57.405,0.253692,-0.963828,0.001987,-0.100745,0.083704,-0.035434,0,0,0.497445,2026-10-07T17:25:04.844925036Z
